time,temperature_2m,relative_humidity_2m,precipitation,cloud_cover,wind_speed_10m
2026-06-26 00:00:00,32.9,32,0.0,30,10.0
2026-06-26 01:00:00,32.1,31,0.0,49,8.9
2026-06-26 02:00:00,30.8,37,0.0,71,7.2
2026-06-26 03:00:00,29.9,38,0.0,78,7.4
2026-06-26 04:00:00,29.1,41,0.0,88,3.6
2026-06-26 05:00:00,28.5,43,0.0,58,7.2
2026-06-26 06:00:00,27.9,44,0.0,10,6.0
2026-06-26 07:00:00,28.0,45,0.0,9,4.3
2026-06-26 08:00:00,26.3,56,0.0,94,5.4
2026-06-26 09:00:00,28.8,48,0.0,91,7.0
2026-06-26 10:00:00,31.4,41,0.0,57,8.1
2026-06-26 11:00:00,34.0,35,0.0,39,8.2
2026-06-26 12:00:00,35.4,32,0.0,22,12.0
2026-06-26 13:00:00,36.3,29,0.0,1,13.6
2026-06-26 14:00:00,32.1,48,0.0,77,10.4
2026-06-26 15:00:00,33.9,38,0.0,99,12.8
2026-06-26 16:00:00,32.7,38,0.7,14,10.8
2026-06-26 17:00:00,35.0,28,0.1,2,8.3
2026-06-26 18:00:00,35.5,28,0.0,31,6.9
2026-06-26 19:00:00,35.1,31,0.0,20,8.0
2026-06-26 20:00:00,34.5,36,0.0,68,11.2
2026-06-26 21:00:00,32.1,45,0.0,73,15.2
2026-06-26 22:00:00,29.5,47,0.0,30,13.9
2026-06-26 23:00:00,27.9,49,0.0,7,12.5
2026-06-27 00:00:00,26.6,51,0.0,35,11.2
2026-06-27 01:00:00,25.7,52,0.0,22,8.1
2026-06-27 02:00:00,24.1,57,0.0,20,8.6
2026-06-27 03:00:00,23.2,59,0.0,4,10.7
2026-06-27 04:00:00,22.4,60,0.0,15,8.5
2026-06-27 05:00:00,21.9,61,0.0,3,7.9
2026-06-27 06:00:00,21.6,61,0.0,14,7.7
2026-06-27 07:00:00,21.9,60,0.0,16,5.5
2026-06-27 08:00:00,23.1,58,0.0,1,7.6
2026-06-27 09:00:00,25.3,48,0.0,4,8.5
2026-06-27 10:00:00,27.0,43,0.0,0,10.6
2026-06-27 11:00:00,28.0,45,0.0,0,12.0
2026-06-27 12:00:00,29.9,44,0.0,2,6.9
2026-06-27 13:00:00,31.6,41,0.0,0,3.6
2026-06-27 14:00:00,34.0,35,0.0,13,4.1
2026-06-27 15:00:00,35.5,33,0.0,98,3.1
2026-06-27 16:00:00,35.5,32,0.0,98,4.8
2026-06-27 17:00:00,35.8,28,0.0,95,4.9
2026-06-27 18:00:00,33.9,33,0.0,92,12.0
2026-06-27 19:00:00,33.3,36,0.0,35,10.5
2026-06-27 20:00:00,35.1,26,0.0,96,10.1
2026-06-27 21:00:00,33.4,32,0.0,100,6.0
2026-06-27 22:00:00,26.7,60,0.5,100,19.3
2026-06-27 23:00:00,25.0,76,1.5,30,11.1
2026-06-28 00:00:00,25.3,74,0.0,35,5.4
2026-06-28 01:00:00,25.1,76,0.0,0,6.5
2026-06-28 02:00:00,21.9,87,0.0,0,9.0
2026-06-28 03:00:00,21.4,89,0.0,0,7.7
2026-06-28 04:00:00,21.1,90,0.0,0,1.2
2026-06-28 05:00:00,21.0,91,0.0,0,4.9
2026-06-28 06:00:00,20.9,92,0.0,0,4.9
2026-06-28 07:00:00,21.4,91,0.0,7,7.1
2026-06-28 08:00:00,22.8,83,0.0,30,6.3
2026-06-28 09:00:00,24.3,73,0.0,94,9.5
2026-06-28 10:00:00,25.1,69,0.0,100,8.6
2026-06-28 11:00:00,25.3,67,0.0,100,7.4
2026-06-28 12:00:00,23.9,74,0.6,73,5.2
2026-06-28 13:00:00,26.5,61,0.0,36,5.8
2026-06-28 14:00:00,28.1,54,0.0,47,6.5
2026-06-28 15:00:00,29.2,49,0.0,95,5.6
2026-06-28 16:00:00,29.8,46,0.0,48,5.8
2026-06-28 17:00:00,30.2,43,0.0,88,7.5
2026-06-28 18:00:00,28.1,48,0.7,80,10.9
2026-06-28 19:00:00,28.1,46,0.6,73,6.4
2026-06-28 20:00:00,27.0,53,0.0,38,11.3
2026-06-28 21:00:00,25.1,61,0.0,26,12.8
2026-06-28 22:00:00,22.8,72,0.0,39,11.5
2026-06-28 23:00:00,21.9,74,0.0,70,11.2
2026-06-29 00:00:00,21.0,75,0.0,66,9.3
2026-06-29 01:00:00,20.6,78,0.2,81,9.4
2026-06-29 02:00:00,19.7,75,0.5,34,13.8
2026-06-29 03:00:00,18.7,70,0.0,43,13.1
2026-06-29 04:00:00,17.8,64,0.0,57,12.7
2026-06-29 05:00:00,16.8,68,0.0,82,11.4
2026-06-29 06:00:00,16.3,72,0.0,74,8.2
2026-06-29 07:00:00,16.4,72,0.0,86,9.2
2026-06-29 08:00:00,17.2,71,0.0,98,10.8
2026-06-29 09:00:00,18.1,68,0.0,95,8.9
2026-06-29 10:00:00,19.6,63,0.0,94,8.6
2026-06-29 11:00:00,20.9,59,0.0,60,7.4
2026-06-29 12:00:00,22.6,53,0.0,22,4.9
2026-06-29 13:00:00,24.6,45,0.0,81,5.7
2026-06-29 14:00:00,24.7,50,0.0,100,6.1
2026-06-29 15:00:00,25.5,47,0.0,100,6.1
2026-06-29 16:00:00,26.0,45,0.0,46,6.4
2026-06-29 17:00:00,26.7,41,0.0,34,6.6
2026-06-29 18:00:00,26.8,40,0.0,99,5.7
2026-06-29 19:00:00,26.8,38,0.0,100,6.4
2026-06-29 20:00:00,26.7,37,0.0,97,9.4
2026-06-29 21:00:00,25.4,38,0.0,20,13.1
2026-06-29 22:00:00,24.1,44,0.0,5,13.4
2026-06-29 23:00:00,21.6,50,0.0,1,12.8
2026-06-30 00:00:00,20.3,53,0.0,2,9.8
2026-06-30 01:00:00,19.1,56,0.0,8,8.4
2026-06-30 02:00:00,17.4,65,0.0,13,8.4
2026-06-30 03:00:00,16.6,70,0.0,11,6.9
2026-06-30 04:00:00,16.1,72,0.0,5,7.0
2026-06-30 05:00:00,15.6,74,0.0,14,7.6
2026-06-30 06:00:00,15.2,75,0.0,20,7.9
2026-06-30 07:00:00,15.4,74,0.0,80,5.6
2026-06-30 08:00:00,16.9,68,0.0,63,5.2
2026-06-30 09:00:00,18.8,64,0.0,33,4.1
2026-06-30 10:00:00,20.9,59,0.0,40,4.0
2026-06-30 11:00:00,22.8,55,0.0,83,6.5
2026-06-30 12:00:00,23.7,53,0.0,55,7.9
2026-06-30 13:00:00,25.3,48,0.0,94,6.3
2026-06-30 14:00:00,26.0,47,0.0,41,5.7
2026-06-30 15:00:00,27.1,44,0.0,63,3.7
2026-06-30 16:00:00,27.6,42,0.0,47,5.1
2026-06-30 17:00:00,27.6,40,0.0,95,8.0
2026-06-30 18:00:00,26.3,44,0.0,69,10.9
2026-06-30 19:00:00,24.6,49,0.1,12,15.7
2026-06-30 20:00:00,24.4,45,0.0,53,12.2
2026-06-30 21:00:00,23.8,48,0.0,78,11.0
2026-06-30 22:00:00,22.9,52,0.0,75,10.6
2026-06-30 23:00:00,21.9,57,0.0,46,9.1
2026-07-01 00:00:00,20.7,60,0.0,9,12.1
2026-07-01 01:00:00,19.2,59,0.0,38,10.2
2026-07-01 02:00:00,18.0,65,0.0,0,9.6
2026-07-01 03:00:00,17.3,67,0.0,0,9.6
2026-07-01 04:00:00,16.6,69,0.0,2,8.0
2026-07-01 05:00:00,16.0,71,0.0,11,6.6
2026-07-01 06:00:00,15.6,73,0.0,9,6.4
2026-07-01 07:00:00,15.8,72,0.0,2,6.8
2026-07-01 08:00:00,17.0,71,0.0,2,9.1
2026-07-01 09:00:00,18.5,67,0.0,12,10.0
2026-07-01 10:00:00,20.1,59,0.0,48,10.6
2026-07-01 11:00:00,20.9,55,0.0,100,10.3
2026-07-01 12:00:00,21.7,51,0.0,100,10.5
2026-07-01 13:00:00,22.3,50,0.0,100,10.9
2026-07-01 14:00:00,23.1,47,0.0,100,11.2
2026-07-01 15:00:00,23.4,45,0.0,98,11.1
2026-07-01 16:00:00,24.5,41,0.0,100,11.8
2026-07-01 17:00:00,24.2,41,0.0,100,12.7
2026-07-01 18:00:00,24.2,41,0.0,100,13.8
2026-07-01 19:00:00,23.6,43,0.0,99,14.8
2026-07-01 20:00:00,23.7,41,0.0,38,12.4
2026-07-01 21:00:00,23.1,43,0.0,12,12.0
2026-07-01 22:00:00,21.9,48,0.0,2,11.3
2026-07-01 23:00:00,20.8,54,0.0,3,11.2
2026-07-02 00:00:00,19.7,62,0.0,0,11.6
2026-07-02 01:00:00,18.7,68,0.0,0,9.0
2026-07-02 02:00:00,17.4,74,0.0,0,8.6
2026-07-02 03:00:00,16.8,78,0.0,0,7.7
2026-07-02 04:00:00,16.2,79,0.0,0,9.0
2026-07-02 05:00:00,15.8,83,0.0,0,7.8
2026-07-02 06:00:00,15.3,86,0.0,0,7.9
2026-07-02 07:00:00,15.5,83,0.0,1,8.5
2026-07-02 08:00:00,16.6,75,0.0,2,8.8
2026-07-02 09:00:00,17.8,68,0.0,3,8.9
2026-07-02 10:00:00,19.6,60,0.0,28,10.4
2026-07-02 11:00:00,21.6,59,0.0,100,12.5
2026-07-02 12:00:00,21.4,63,0.0,100,12.6
2026-07-02 13:00:00,21.5,65,0.0,100,13.1
2026-07-02 14:00:00,23.0,60,0.0,100,14.0
2026-07-02 15:00:00,23.5,59,0.0,100,14.4
2026-07-02 16:00:00,24.3,56,0.0,63,14.8
2026-07-02 17:00:00,25.7,49,0.0,49,16.5
2026-07-02 18:00:00,25.4,51,0.0,43,18.9
2026-07-02 19:00:00,24.5,53,0.0,100,16.9
2026-07-02 20:00:00,23.6,54,0.0,100,17.0
2026-07-02 21:00:00,22.3,56,0.0,10,15.5
2026-07-02 22:00:00,21.2,60,0.0,2,12.5
2026-07-02 23:00:00,20.2,65,0.0,0,10.7
2026-07-03 00:00:00,19.3,70,0.0,0,10.2
2026-07-03 01:00:00,18.3,76,0.0,16,8.3
2026-07-03 02:00:00,17.0,82,0.0,5,6.6
2026-07-03 03:00:00,16.5,85,0.0,14,5.6
2026-07-03 04:00:00,16.1,87,0.0,9,4.2
2026-07-03 05:00:00,15.5,89,0.0,66,3.5
2026-07-03 06:00:00,15.1,91,0.0,69,3.5
2026-07-03 07:00:00,15.5,89,0.0,67,3.4
2026-07-03 08:00:00,16.6,83,0.0,71,2.1
2026-07-03 09:00:00,18.6,73,0.0,91,1.9
2026-07-03 10:00:00,20.2,65,0.0,95,1.5
2026-07-03 11:00:00,22.0,59,0.0,88,1.3
2026-07-03 12:00:00,23.6,52,0.0,89,2.2
2026-07-03 13:00:00,25.0,44,0.0,10,3.4
2026-07-03 14:00:00,26.7,36,0.0,0,6.6
2026-07-03 15:00:00,27.5,31,0.0,1,7.9
2026-07-03 16:00:00,27.8,30,0.0,0,9.1
2026-07-03 17:00:00,27.8,30,0.0,0,9.9
2026-07-03 18:00:00,27.7,30,0.0,0,9.6
2026-07-03 19:00:00,27.4,30,0.0,0,11.0
2026-07-03 20:00:00,27.1,28,0.0,0,12.4
2026-07-03 21:00:00,25.6,30,0.0,0,14.4
2026-07-03 22:00:00,23.5,32,0.0,0,14.1
2026-07-03 23:00:00,22.1,34,0.0,0,10.7
2026-07-04 00:00:00,20.6,38,0.0,0,8.2
2026-07-04 01:00:00,19.4,43,0.0,0,7.4
2026-07-04 02:00:00,17.2,53,0.0,0,7.5
2026-07-04 03:00:00,16.3,58,0.0,0,5.9
2026-07-04 04:00:00,15.6,62,0.0,0,5.0
2026-07-04 05:00:00,14.8,67,0.0,0,5.4
2026-07-04 06:00:00,14.1,71,0.0,0,5.8
2026-07-04 07:00:00,14.0,73,0.0,0,4.8
2026-07-04 08:00:00,15.5,68,0.0,0,2.8
2026-07-04 09:00:00,18.3,57,0.0,0,2.8
2026-07-04 10:00:00,21.0,46,0.0,0,3.4
2026-07-04 11:00:00,23.4,33,0.0,0,5.1
2026-07-04 12:00:00,25.4,23,0.0,0,6.5
2026-07-04 13:00:00,27.0,19,0.0,0,8.7
2026-07-04 14:00:00,28.5,20,0.0,0,9.2
2026-07-04 15:00:00,29.3,22,0.0,0,10.4
2026-07-04 16:00:00,30.0,24,0.0,0,12.0
2026-07-04 17:00:00,30.1,26,0.0,0,13.3
2026-07-04 18:00:00,29.8,31,0.0,0,13.9
2026-07-04 19:00:00,28.7,37,0.0,0,15.2
2026-07-04 20:00:00,27.9,37,0.0,0,14.6
2026-07-04 21:00:00,26.2,41,0.0,0,14.1
2026-07-04 22:00:00,24.5,50,0.0,0,13.6
2026-07-04 23:00:00,23.1,57,0.0,0,14.2
2026-07-05 00:00:00,21.4,64,0.0,0,13.9
2026-07-05 01:00:00,20.1,70,0.0,0,11.7
2026-07-05 02:00:00,19.3,73,0.0,0,10.0
2026-07-05 03:00:00,18.6,76,0.0,0,8.2
2026-07-05 04:00:00,18.0,79,0.0,0,8.0
2026-07-05 05:00:00,17.4,83,0.0,0,8.6
2026-07-05 06:00:00,16.9,87,0.0,13,8.2
2026-07-05 07:00:00,17.2,87,0.0,66,8.1
2026-07-05 08:00:00,18.3,82,0.0,74,9.5
2026-07-05 09:00:00,19.8,74,0.0,38,9.6
2026-07-05 10:00:00,21.7,62,0.0,60,8.8
2026-07-05 11:00:00,23.0,57,0.0,40,8.5
2026-07-05 12:00:00,24.4,51,0.0,21,8.9
2026-07-05 13:00:00,25.9,46,0.0,58,9.5
2026-07-05 14:00:00,27.2,43,0.0,35,9.4
2026-07-05 15:00:00,28.3,40,0.0,50,10.1
2026-07-05 16:00:00,29.0,37,0.0,59,11.3
2026-07-05 17:00:00,29.1,35,0.0,22,11.5
2026-07-05 18:00:00,29.1,36,0.0,27,11.3
2026-07-05 19:00:00,28.7,38,0.0,45,11.4
2026-07-05 20:00:00,27.8,41,0.0,88,10.0
2026-07-05 21:00:00,26.8,45,0.0,98,10.2
2026-07-05 22:00:00,25.7,50,0.0,100,9.9
2026-07-05 23:00:00,24.7,54,0.0,100,9.6
2026-07-06 00:00:00,23.5,58,0.0,100,8.5
2026-07-06 01:00:00,22.5,63,0.0,100,7.1
2026-07-06 02:00:00,20.9,68,0.0,99,5.7
2026-07-06 03:00:00,20.0,72,0.0,61,6.0
2026-07-06 04:00:00,19.0,76,0.0,41,5.5
2026-07-06 05:00:00,18.2,80,0.0,76,5.4
2026-07-06 06:00:00,17.6,84,0.0,69,4.8
2026-07-06 07:00:00,17.7,83,0.0,55,3.8
2026-07-06 08:00:00,18.8,78,0.0,70,2.7
2026-07-06 09:00:00,21.1,66,0.0,81,2.8
2026-07-06 10:00:00,23.4,56,0.0,71,2.9
2026-07-06 11:00:00,25.7,48,0.0,82,3.3
2026-07-06 12:00:00,27.8,38,0.0,84,4.6
2026-07-06 13:00:00,29.8,30,0.0,89,5.6
2026-07-06 14:00:00,31.8,22,0.0,91,7.1
2026-07-06 15:00:00,32.8,18,0.0,86,8.7
2026-07-06 16:00:00,33.5,17,0.0,90,10.1
2026-07-06 17:00:00,33.7,17,0.0,77,10.8
2026-07-06 18:00:00,33.7,17,0.0,24,10.7
2026-07-06 19:00:00,33.6,17,0.0,30,10.7
2026-07-06 20:00:00,33.3,17,0.0,19,10.3
2026-07-06 21:00:00,32.3,19,0.0,11,8.0
2026-07-06 22:00:00,30.1,25,0.0,7,6.2
2026-07-06 23:00:00,28.4,29,0.0,9,6.7
2026-07-07 00:00:00,27.1,31,0.0,18,5.7
2026-07-07 01:00:00,26.0,36,0.0,6,2.0
2026-07-07 02:00:00,24.0,45,0.0,61,0.8
2026-07-07 03:00:00,23.0,45,0.0,75,0.8
2026-07-07 04:00:00,22.1,46,0.0,73,3.1
2026-07-07 05:00:00,21.6,49,0.0,87,3.3
2026-07-07 06:00:00,21.1,52,0.0,80,3.3
2026-07-07 07:00:00,21.4,52,0.0,63,4.1
2026-07-07 08:00:00,22.5,49,0.0,92,3.0
2026-07-07 09:00:00,25.4,40,0.0,99,2.2
2026-07-07 10:00:00,28.1,31,0.0,99,4.4
2026-07-07 11:00:00,29.9,26,0.0,98,7.8
2026-07-07 12:00:00,31.1,26,0.0,97,9.7
2026-07-07 13:00:00,32.2,25,0.0,96,11.1
2026-07-07 14:00:00,33.4,21,0.0,98,13.2
2026-07-07 15:00:00,33.7,20,0.0,98,14.1
2026-07-07 16:00:00,33.8,20,0.0,98,15.6
2026-07-07 17:00:00,33.1,21,0.0,98,16.6
2026-07-07 18:00:00,32.4,19,0.0,98,15.8
2026-07-07 19:00:00,31.6,18,0.0,48,14.4
2026-07-07 20:00:00,31.0,19,0.0,22,13.2
2026-07-07 21:00:00,29.6,21,0.0,28,12.0
2026-07-07 22:00:00,27.9,25,0.0,18,10.6
2026-07-07 23:00:00,26.4,29,0.0,32,9.7
2026-07-08 00:00:00,25.0,33,0.0,44,8.5
2026-07-08 01:00:00,23.7,36,0.0,57,8.3
2026-07-08 02:00:00,21.7,44,0.0,41,7.3
2026-07-08 03:00:00,20.8,47,0.0,16,6.9
2026-07-08 04:00:00,19.8,51,0.0,6,5.9
2026-07-08 05:00:00,19.2,54,0.0,4,5.2
2026-07-08 06:00:00,18.7,56,0.0,4,4.6
2026-07-08 07:00:00,18.9,57,0.0,2,4.6
2026-07-08 08:00:00,20.6,52,0.0,0,3.6
2026-07-08 09:00:00,22.8,47,0.0,2,3.1
2026-07-08 10:00:00,25.2,41,0.0,0,2.7
2026-07-08 11:00:00,27.5,36,0.0,0,2.3
2026-07-08 12:00:00,29.4,31,0.0,0,2.7
2026-07-08 13:00:00,30.9,28,0.0,0,3.5
2026-07-08 14:00:00,32.2,27,0.0,0,5.6
2026-07-08 15:00:00,33.0,27,0.0,0,6.7
2026-07-08 16:00:00,33.3,27,0.0,0,8.8
2026-07-08 17:00:00,33.9,27,0.0,5,10.2
2026-07-08 18:00:00,33.5,28,0.0,49,8.8
2026-07-08 19:00:00,33.1,28,0.0,22,6.9
2026-07-08 20:00:00,32.4,30,0.0,0,12.6
2026-07-08 21:00:00,31.1,33,0.0,5,12.9
2026-07-08 22:00:00,30.4,35,0.0,5,8.8
2026-07-08 23:00:00,29.1,41,0.0,0,11.2
2026-07-09 00:00:00,27.9,45,0.0,0,9.7
2026-07-09 01:00:00,26.9,49,0.0,0,8.6
2026-07-09 02:00:00,25.0,56,0.0,0,10.3
2026-07-09 03:00:00,24.2,59,0.0,0,8.6
2026-07-09 04:00:00,23.4,62,0.0,0,7.3
2026-07-09 05:00:00,22.7,65,0.0,0,5.9
2026-07-09 06:00:00,22.0,68,0.0,0,5.0
2026-07-09 07:00:00,21.9,68,0.0,0,5.5
2026-07-09 08:00:00,22.9,66,0.0,0,5.5
2026-07-09 09:00:00,24.7,59,0.0,0,6.7
2026-07-09 10:00:00,26.4,50,0.0,0,8.9
2026-07-09 11:00:00,27.8,44,0.0,0,9.7
2026-07-09 12:00:00,29.1,39,0.0,0,10.2
2026-07-09 13:00:00,30.2,36,0.0,0,10.2
2026-07-09 14:00:00,31.6,31,0.0,0,10.7
2026-07-09 15:00:00,32.3,28,0.0,0,10.8
2026-07-09 16:00:00,32.8,27,0.0,1,11.7
2026-07-09 17:00:00,33.0,25,0.0,0,12.0
2026-07-09 18:00:00,32.9,25,0.0,0,12.9
2026-07-09 19:00:00,32.3,25,0.0,9,13.6
2026-07-09 20:00:00,31.8,25,0.0,5,13.2
2026-07-09 21:00:00,30.5,29,0.0,0,12.9
2026-07-09 22:00:00,29.2,35,0.0,0,12.4
2026-07-09 23:00:00,28.1,41,0.0,0,11.9
2026-07-10 00:00:00,27.0,47,0.0,0,12.6
2026-07-10 01:00:00,26.0,51,0.0,2,11.7
2026-07-10 02:00:00,24.4,55,0.0,13,11.2
2026-07-10 03:00:00,23.6,57,0.0,31,9.4
2026-07-10 04:00:00,22.9,59,0.0,66,7.9
2026-07-10 05:00:00,22.2,62,0.0,78,7.7
2026-07-10 06:00:00,21.7,63,0.0,96,7.2
2026-07-10 07:00:00,21.8,63,0.0,98,6.1
2026-07-10 08:00:00,23.1,57,0.0,95,5.5
2026-07-10 09:00:00,25.0,49,0.0,73,5.9
2026-07-10 10:00:00,27.2,42,0.0,77,6.8
2026-07-10 11:00:00,29.3,36,0.0,84,7.8
2026-07-10 12:00:00,30.9,33,0.0,43,10.8
2026-07-10 13:00:00,32.0,30,0.0,10,12.7
2026-07-10 14:00:00,33.3,24,0.0,62,13.4
2026-07-10 15:00:00,33.3,24,0.1,82,12.6
2026-07-10 16:00:00,33.2,25,0.1,24,13.0
2026-07-10 17:00:00,33.6,25,0.0,13,13.0
2026-07-10 18:00:00,33.7,25,0.0,0,14.0
2026-07-10 19:00:00,33.5,27,0.0,3,14.3
2026-07-10 20:00:00,33.5,26,0.0,16,13.5
2026-07-10 21:00:00,32.8,27,0.0,36,13.9
2026-07-10 22:00:00,30.4,39,0.0,70,17.5
2026-07-10 23:00:00,28.8,41,0.0,84,14.8
2026-07-11 00:00:00,27.9,41,0.0,91,12.3
2026-07-11 01:00:00,27.0,41,0.0,98,12.6
2026-07-11 02:00:00,25.8,45,0.0,77,10.7
2026-07-11 03:00:00,25.1,45,0.0,25,9.2
2026-07-11 04:00:00,24.3,46,0.0,22,8.1
2026-07-11 05:00:00,23.6,46,0.0,26,10.5
2026-07-11 06:00:00,23.0,47,0.0,50,9.6
2026-07-11 07:00:00,22.9,47,0.0,80,9.1
2026-07-11 08:00:00,23.8,46,0.0,41,7.9
2026-07-11 09:00:00,25.7,42,0.0,13,8.7
2026-07-11 10:00:00,27.7,38,0.0,0,10.4
2026-07-11 11:00:00,29.8,34,0.0,0,11.1
2026-07-11 12:00:00,31.8,29,0.0,0,11.5
2026-07-11 13:00:00,33.1,25,0.0,0,10.2
2026-07-11 14:00:00,34.4,21,0.0,0,12.0
2026-07-11 15:00:00,35.0,20,0.0,0,11.2
2026-07-11 16:00:00,35.3,20,0.0,0,11.9
2026-07-11 17:00:00,35.2,20,0.0,2,12.9
2026-07-11 18:00:00,34.9,21,0.0,0,13.6
2026-07-11 19:00:00,34.1,24,0.0,0,14.2
2026-07-11 20:00:00,33.9,25,0.0,2,14.4
2026-07-11 21:00:00,32.6,28,0.0,0,15.6
2026-07-11 22:00:00,31.0,32,0.0,0,15.5
2026-07-11 23:00:00,29.7,33,0.0,20,14.2
2026-07-12 00:00:00,28.5,35,0.0,59,12.9
2026-07-12 01:00:00,27.5,37,0.0,13,12.6
2026-07-12 02:00:00,25.6,44,0.0,91,11.9
2026-07-12 03:00:00,24.9,47,0.0,55,11.2
2026-07-12 04:00:00,24.1,51,0.0,73,10.0
2026-07-12 05:00:00,23.3,54,0.0,95,9.4
2026-07-12 06:00:00,22.8,56,0.0,72,8.9
2026-07-12 07:00:00,22.9,55,0.0,16,8.7
2026-07-12 08:00:00,24.0,50,0.0,62,6.8
2026-07-12 09:00:00,26.0,42,0.0,85,9.3
2026-07-12 10:00:00,28.0,37,0.0,86,10.6
2026-07-12 11:00:00,30.1,33,0.0,63,11.3
2026-07-12 12:00:00,31.9,27,0.0,64,14.3
2026-07-12 13:00:00,32.7,26,0.0,9,15.5
2026-07-12 14:00:00,34.1,22,0.0,63,16.3
2026-07-12 15:00:00,34.5,21,0.0,51,16.5
2026-07-12 16:00:00,34.8,21,0.0,38,17.1
2026-07-12 17:00:00,34.9,20,0.0,55,17.1
2026-07-12 18:00:00,34.8,20,0.0,22,17.0
2026-07-12 19:00:00,34.5,19,0.0,21,17.2
2026-07-12 20:00:00,34.1,19,0.0,0,17.5
2026-07-12 21:00:00,32.9,21,0.0,1,18.6
2026-07-12 22:00:00,31.5,23,0.0,23,16.9
2026-07-12 23:00:00,30.2,28,0.0,54,15.7
2026-07-13 00:00:00,28.6,36,0.0,46,15.6
2026-07-13 01:00:00,27.5,39,0.0,41,13.8
2026-07-13 02:00:00,26.0,44,0.0,96,13.1
2026-07-13 03:00:00,25.4,45,0.0,98,13.2
2026-07-13 04:00:00,24.7,47,0.0,99,13.4
2026-07-13 05:00:00,24.2,50,0.0,98,13.4
2026-07-13 06:00:00,23.9,50,0.0,98,14.0
2026-07-13 07:00:00,23.8,48,0.0,95,13.6
2026-07-13 08:00:00,24.0,48,0.0,64,11.6
2026-07-13 09:00:00,25.6,43,0.0,96,13.0
2026-07-13 10:00:00,26.9,39,0.0,72,13.5
2026-07-13 11:00:00,29.1,34,0.0,85,14.9
2026-07-13 12:00:00,31.2,29,0.0,63,16.5
2026-07-13 13:00:00,33.1,24,0.0,5,17.4
2026-07-13 14:00:00,33.4,21,0.0,62,18.5
2026-07-13 15:00:00,34.7,20,0.2,99,15.4
2026-07-13 16:00:00,33.9,20,0.0,99,16.4
2026-07-13 17:00:00,34.0,19,0.0,5,15.1
2026-07-13 18:00:00,34.4,19,0.0,55,11.9
2026-07-13 19:00:00,34.0,19,0.0,26,12.6
2026-07-13 20:00:00,32.1,26,0.0,59,16.4
2026-07-13 21:00:00,29.7,39,0.0,9,17.3
2026-07-13 22:00:00,28.8,42,0.0,27,14.4
2026-07-13 23:00:00,28.0,44,0.0,47,13.2
2026-07-14 00:00:00,27.3,45,0.0,83,13.4
2026-07-14 01:00:00,26.5,48,0.0,91,13.7
2026-07-14 02:00:00,25.4,55,0.0,98,11.9
2026-07-14 03:00:00,24.3,58,0.1,77,12.3
2026-07-14 04:00:00,23.4,63,0.3,24,12.0
2026-07-14 05:00:00,22.3,67,0.1,58,9.7
2026-07-14 06:00:00,21.6,69,0.0,45,12.0
2026-07-14 07:00:00,21.3,70,0.0,28,9.3
2026-07-14 08:00:00,21.6,70,0.0,28,8.8
2026-07-14 09:00:00,23.0,65,0.0,37,8.9
2026-07-14 10:00:00,24.9,58,0.0,51,7.2
2026-07-14 11:00:00,26.9,52,0.0,43,6.5
2026-07-14 12:00:00,28.6,46,0.0,83,6.5
2026-07-14 13:00:00,30.4,41,0.0,93,7.7
2026-07-14 14:00:00,32.1,33,0.0,70,6.8
2026-07-14 15:00:00,33.5,29,0.0,96,5.6
2026-07-14 16:00:00,34.2,27,0.0,88,6.2
2026-07-14 17:00:00,34.4,26,0.0,88,7.6
2026-07-14 18:00:00,34.3,27,0.0,98,9.5
2026-07-14 19:00:00,33.5,29,0.0,95,10.3
2026-07-14 20:00:00,32.5,30,0.0,100,11.2
2026-07-14 21:00:00,31.9,31,0.0,98,11.6
2026-07-14 22:00:00,31.0,33,0.0,98,11.1
2026-07-14 23:00:00,30.1,36,0.0,99,10.9
2026-07-15 00:00:00,29.1,39,0.0,98,13.6
2026-07-15 01:00:00,28.4,40,0.0,93,11.6
2026-07-15 02:00:00,27.0,45,0.0,42,9.6
2026-07-15 03:00:00,26.2,47,0.0,85,8.3
2026-07-15 04:00:00,25.9,46,0.0,94,10.9
2026-07-15 05:00:00,25.1,45,0.0,89,10.6
2026-07-15 06:00:00,24.3,45,0.0,27,10.4
2026-07-15 07:00:00,23.8,47,0.0,18,9.4
2026-07-15 08:00:00,24.4,47,0.0,42,10.3
2026-07-15 09:00:00,25.5,45,0.0,62,10.3
2026-07-15 10:00:00,26.8,43,0.0,70,9.8
2026-07-15 11:00:00,28.0,39,0.0,100,12.4
2026-07-15 12:00:00,29.2,34,0.0,88,12.5
2026-07-15 13:00:00,30.4,30,0.0,77,11.2
2026-07-15 14:00:00,31.1,28,0.0,79,11.2
2026-07-15 15:00:00,31.3,26,0.0,80,11.5
2026-07-15 16:00:00,32.0,24,0.0,75,10.5
2026-07-15 17:00:00,31.8,25,0.0,70,11.2
2026-07-15 18:00:00,31.6,26,0.0,80,9.7
2026-07-15 19:00:00,31.3,27,0.0,98,9.2
2026-07-15 20:00:00,30.4,31,0.0,80,11.2
2026-07-15 21:00:00,29.6,32,0.0,91,11.5
2026-07-15 22:00:00,28.8,33,0.0,98,9.2
2026-07-15 23:00:00,28.2,35,0.0,72,8.0
2026-07-16 00:00:00,27.4,37,0.0,66,9.0
2026-07-16 01:00:00,26.3,38,0.0,80,10.4
2026-07-16 02:00:00,25.0,41,0.0,38,10.3
2026-07-16 03:00:00,24.1,43,0.0,0,8.1
2026-07-16 04:00:00,23.1,45,0.0,2,7.9
2026-07-16 05:00:00,22.2,46,0.0,19,7.7
2026-07-16 06:00:00,21.6,48,0.0,67,7.0
2026-07-16 07:00:00,21.5,48,0.0,27,6.4
2026-07-16 08:00:00,22.2,48,0.0,46,5.3
2026-07-16 09:00:00,24.0,44,0.0,53,5.6
2026-07-16 10:00:00,26.0,41,0.0,91,6.0
2026-07-16 11:00:00,27.9,37,0.0,84,6.5
2026-07-16 12:00:00,29.6,33,0.0,40,6.7
2026-07-16 13:00:00,31.1,30,0.0,85,6.3
2026-07-16 14:00:00,31.0,31,0.0,91,6.2
2026-07-16 15:00:00,32.3,28,0.0,38,6.4
2026-07-16 16:00:00,32.8,26,0.0,21,4.2
2026-07-16 17:00:00,33.1,26,0.0,70,8.2
2026-07-16 18:00:00,30.8,31,0.0,100,9.7
2026-07-16 19:00:00,21.8,93,8.8,90,11.1
2026-07-16 20:00:00,30.4,35,0.4,31,9.8
2026-07-16 21:00:00,26.6,49,0.3,74,11.2
2026-07-16 22:00:00,24.3,68,1.1,98,5.0
2026-07-16 23:00:00,22.5,87,2.0,99,6.3
2026-07-17 00:00:00,23.0,81,0.3,98,3.0
2026-07-17 01:00:00,22.2,86,0.0,100,0.3
2026-07-17 02:00:00,20.0,81,0.1,48,14.4
2026-07-17 03:00:00,19.6,80,0.0,40,7.6
2026-07-17 04:00:00,19.3,83,0.0,27,4.5
2026-07-17 05:00:00,18.7,88,0.0,81,6.2
2026-07-17 06:00:00,18.4,90,0.0,73,2.4
2026-07-17 07:00:00,18.5,92,0.0,63,4.9
2026-07-17 08:00:00,19.3,90,0.0,92,5.8
2026-07-17 09:00:00,20.7,83,0.0,99,7.0
2026-07-17 10:00:00,22.0,75,0.0,98,10.3
2026-07-17 11:00:00,22.5,73,0.0,98,7.3
2026-07-17 12:00:00,23.6,70,0.0,100,4.9
2026-07-17 13:00:00,24.7,65,0.1,100,3.4
2026-07-17 14:00:00,23.1,68,0.5,98,6.8
2026-07-17 15:00:00,23.6,67,0.9,95,5.7
2026-07-17 16:00:00,24.3,66,0.2,83,6.6
2026-07-17 17:00:00,22.4,73,1.0,98,7.0
2026-07-17 18:00:00,23.5,68,0.4,91,1.9
2026-07-17 19:00:00,23.0,69,0.1,71,4.5
2026-07-17 20:00:00,24.2,61,0.1,27,5.4
2026-07-17 21:00:00,24.3,59,0.0,24,3.4
2026-07-17 22:00:00,23.6,67,0.0,24,1.9
2026-07-17 23:00:00,22.8,70,0.0,5,5.8
2026-07-18 00:00:00,21.9,73,0.0,5,5.4
2026-07-18 01:00:00,21.3,71,0.0,7,7.2
2026-07-18 02:00:00,19.7,74,0.0,13,7.8
2026-07-18 03:00:00,19.0,74,0.0,22,6.5
2026-07-18 04:00:00,18.3,77,0.0,17,5.8
2026-07-18 05:00:00,17.7,79,0.0,9,4.1
2026-07-18 06:00:00,17.2,81,0.0,30,3.6
2026-07-18 07:00:00,17.1,82,0.0,19,5.8
2026-07-18 08:00:00,17.8,80,0.0,3,3.8
2026-07-18 09:00:00,19.5,72,0.0,0,1.4
2026-07-18 10:00:00,21.2,66,0.0,0,1.5
2026-07-18 11:00:00,22.9,59,0.0,0,1.8
2026-07-18 12:00:00,24.4,51,0.0,9,0.4
2026-07-18 13:00:00,25.4,45,0.1,25,4.3
2026-07-18 14:00:00,26.2,43,0.1,22,5.2
2026-07-18 15:00:00,27.2,42,0.0,21,5.7
2026-07-18 16:00:00,27.7,41,0.0,26,6.8
2026-07-18 17:00:00,27.8,40,0.0,10,7.7
2026-07-18 18:00:00,27.9,39,0.0,34,9.1
2026-07-18 19:00:00,26.2,42,0.0,71,14.3
2026-07-18 20:00:00,24.1,52,0.6,19,10.3
2026-07-18 21:00:00,24.0,52,0.0,30,10.8
2026-07-18 22:00:00,22.1,59,0.0,73,14.0
2026-07-18 23:00:00,20.4,60,0.0,3,16.1
2026-07-19 00:00:00,18.4,61,0.0,10,15.9
2026-07-19 01:00:00,17.3,65,0.0,1,12.9
2026-07-19 02:00:00,16.3,69,0.0,0,11.5
2026-07-19 03:00:00,15.6,73,0.0,2,10.9
2026-07-19 04:00:00,15.0,76,0.0,0,10.5
2026-07-19 05:00:00,14.5,80,0.0,0,9.4
2026-07-19 06:00:00,13.9,84,0.0,0,9.0
2026-07-19 07:00:00,13.9,84,0.0,0,8.3
2026-07-19 08:00:00,15.0,80,0.0,7,8.7
2026-07-19 09:00:00,16.4,73,0.0,23,10.0
2026-07-19 10:00:00,18.2,61,0.0,48,11.8
2026-07-19 11:00:00,19.6,53,0.0,56,10.5
2026-07-19 12:00:00,20.8,46,0.0,79,9.2
2026-07-19 13:00:00,22.0,38,0.0,86,9.3
2026-07-19 14:00:00,23.2,37,0.0,98,10.0
2026-07-19 15:00:00,23.5,35,0.0,98,10.9
2026-07-19 16:00:00,23.6,34,0.0,100,11.5
2026-07-19 17:00:00,23.6,33,0.0,99,11.1
2026-07-19 18:00:00,23.7,31,0.0,97,10.6
2026-07-19 19:00:00,23.6,31,0.0,99,11.5
2026-07-19 20:00:00,23.0,34,0.0,99,11.4
2026-07-19 21:00:00,22.3,35,0.0,98,11.6
2026-07-19 22:00:00,21.0,39,0.0,86,14.5
2026-07-19 23:00:00,19.2,48,0.0,69,13.2
2026-07-20 00:00:00,17.8,54,0.0,1,15.8
2026-07-20 01:00:00,16.7,57,0.0,0,13.3
2026-07-20 02:00:00,15.5,62,0.0,0,12.4
2026-07-20 03:00:00,14.9,65,0.0,1,10.5
2026-07-20 04:00:00,14.3,68,0.0,0,9.6
2026-07-20 05:00:00,13.7,71,0.0,0,9.7
2026-07-20 06:00:00,13.1,74,0.0,0,9.1
2026-07-20 07:00:00,13.0,76,0.0,0,8.6
2026-07-20 08:00:00,14.0,73,0.0,0,8.5
2026-07-20 09:00:00,15.7,65,0.0,8,10.1
2026-07-20 10:00:00,17.3,54,0.0,13,11.6
2026-07-20 11:00:00,19.0,44,0.0,59,13.0
2026-07-20 12:00:00,20.0,40,0.0,82,12.4
2026-07-20 13:00:00,21.2,38,0.0,93,12.1
2026-07-20 14:00:00,21.8,38,0.0,98,13.9
2026-07-20 15:00:00,22.0,37,0.0,100,14.5
2026-07-20 16:00:00,23.1,32,0.0,95,13.4
2026-07-20 17:00:00,23.6,31,0.0,85,14.0
2026-07-20 18:00:00,24.0,30,0.0,85,13.9
2026-07-20 19:00:00,23.3,32,0.0,94,15.0
2026-07-20 20:00:00,23.2,31,0.0,96,13.8
2026-07-20 21:00:00,22.3,35,0.0,59,13.9
2026-07-20 22:00:00,20.9,42,0.0,73,11.2
2026-07-20 23:00:00,19.9,45,0.0,63,13.1
2026-07-21 00:00:00,18.9,49,0.0,0,13.3
2026-07-21 01:00:00,18.0,53,0.0,10,12.6
2026-07-21 02:00:00,16.6,59,0.0,34,11.4
2026-07-21 03:00:00,15.9,62,0.0,5,10.0
2026-07-21 04:00:00,15.1,66,0.0,0,10.3
2026-07-21 05:00:00,14.4,69,0.0,0,10.5
2026-07-21 06:00:00,13.8,73,0.0,0,8.8
2026-07-21 07:00:00,13.6,74,0.0,0,7.8
2026-07-21 08:00:00,14.6,71,0.0,0,8.5
2026-07-21 09:00:00,16.2,65,0.0,0,9.2
2026-07-21 10:00:00,18.1,58,0.0,0,9.6
2026-07-21 11:00:00,20.0,50,0.0,0,9.9
2026-07-21 12:00:00,21.6,43,0.0,0,10.9
2026-07-21 13:00:00,22.8,40,0.0,0,10.7
2026-07-21 14:00:00,24.1,35,0.0,0,10.1
2026-07-21 15:00:00,24.9,32,0.0,17,10.9
2026-07-21 16:00:00,25.4,30,0.0,25,11.6
2026-07-21 17:00:00,25.5,29,0.0,3,12.7
2026-07-21 18:00:00,25.4,29,0.0,16,13.2
2026-07-21 19:00:00,24.9,31,0.0,1,12.9
2026-07-21 20:00:00,24.7,32,0.0,0,12.2
2026-07-21 21:00:00,23.8,36,0.0,1,11.9
2026-07-21 22:00:00,23.1,38,0.0,7,7.6
2026-07-21 23:00:00,21.7,44,0.0,2,13.5
2026-07-22 00:00:00,19.6,56,0.0,0,16.3
2026-07-22 01:00:00,18.5,62,0.0,0,13.3
2026-07-22 02:00:00,17.2,66,0.0,1,10.0
2026-07-22 03:00:00,16.7,68,0.0,1,7.9
2026-07-22 04:00:00,16.1,71,0.0,0,6.9
2026-07-22 05:00:00,15.4,74,0.0,0,6.9
2026-07-22 06:00:00,14.8,77,0.0,0,7.2
2026-07-22 07:00:00,14.6,78,0.0,0,6.8
2026-07-22 08:00:00,15.7,75,0.0,0,7.9
2026-07-22 09:00:00,17.3,68,0.0,0,9.1
2026-07-22 10:00:00,19.0,60,0.0,20,10.6
2026-07-22 11:00:00,20.8,51,0.0,45,11.4
2026-07-22 12:00:00,21.9,48,0.0,68,10.6
2026-07-22 13:00:00,23.0,45,0.0,71,10.7
2026-07-22 14:00:00,23.5,43,0.0,85,10.5
2026-07-22 15:00:00,24.6,39,0.0,55,11.1
2026-07-22 16:00:00,25.1,37,0.0,37,12.6
2026-07-22 17:00:00,25.3,36,0.0,13,12.8
2026-07-22 18:00:00,25.2,36,0.0,15,13.0
2026-07-22 19:00:00,24.9,36,0.0,1,12.7
2026-07-22 20:00:00,24.5,37,0.0,83,12.8
2026-07-22 21:00:00,23.4,39,0.0,98,14.2
2026-07-22 22:00:00,22.2,45,0.0,100,15.0
2026-07-22 23:00:00,21.6,48,0.0,81,13.2
2026-07-23 00:00:00,20.8,52,0.0,8,11.0
2026-07-23 01:00:00,19.8,56,0.0,0,9.4
2026-07-23 02:00:00,18.4,62,0.0,0,8.4
2026-07-23 03:00:00,17.8,63,0.0,1,8.4
2026-07-23 04:00:00,17.0,65,0.0,38,7.9
2026-07-23 05:00:00,16.4,67,0.0,19,6.3
2026-07-23 06:00:00,15.8,71,0.0,0,6.0
2026-07-23 07:00:00,15.6,72,0.0,0,6.8
2026-07-23 08:00:00,16.2,71,0.0,2,7.6
2026-07-23 09:00:00,17.5,67,0.0,2,9.8
2026-07-23 10:00:00,18.9,60,0.0,10,10.6
2026-07-23 11:00:00,20.4,51,0.0,77,11.6
2026-07-23 12:00:00,21.6,45,0.0,59,11.8
2026-07-23 13:00:00,23.1,40,0.0,73,12.0
2026-07-23 14:00:00,23.7,38,0.0,97,12.6
2026-07-23 15:00:00,24.3,37,0.0,92,12.8
2026-07-23 16:00:00,24.8,34,0.0,98,13.4
2026-07-23 17:00:00,24.7,36,0.0,100,14.0
2026-07-23 18:00:00,24.4,37,0.0,71,13.4
2026-07-23 19:00:00,24.1,37,0.0,76,13.5
2026-07-23 20:00:00,24.1,39,0.0,93,13.4
2026-07-23 21:00:00,23.4,41,0.0,5,12.6
2026-07-23 22:00:00,22.6,43,0.0,2,11.1
2026-07-23 23:00:00,21.6,48,0.0,0,8.4
2026-07-24 00:00:00,20.6,52,0.0,13,8.3
2026-07-24 01:00:00,19.6,56,0.0,3,9.1
2026-07-24 02:00:00,18.1,62,0.0,0,8.0
2026-07-24 03:00:00,17.4,65,0.0,0,6.9
2026-07-24 04:00:00,16.8,68,0.0,0,6.7
2026-07-24 05:00:00,16.2,71,0.0,2,5.7
2026-07-24 06:00:00,15.6,74,0.0,94,4.9
2026-07-24 07:00:00,15.5,75,0.0,95,5.2
2026-07-24 08:00:00,16.4,72,0.0,96,5.0
2026-07-24 09:00:00,18.4,63,0.0,98,5.9
2026-07-24 10:00:00,20.5,54,0.0,100,7.4
2026-07-24 11:00:00,22.5,46,0.0,98,9.1
2026-07-24 12:00:00,24.1,42,0.0,99,12.6
2026-07-24 13:00:00,25.3,39,0.0,97,13.1
2026-07-24 14:00:00,26.4,36,0.0,98,10.7
2026-07-24 15:00:00,27.0,34,0.0,97,9.7
2026-07-24 16:00:00,27.5,33,0.0,100,9.2
2026-07-24 17:00:00,27.7,33,0.0,88,9.3
2026-07-24 18:00:00,27.7,33,0.0,3,9.8
2026-07-24 19:00:00,27.2,35,0.0,1,10.3
2026-07-24 20:00:00,27.0,35,0.0,2,9.2
2026-07-24 21:00:00,26.2,37,0.0,1,8.9
2026-07-24 22:00:00,25.2,40,0.0,1,8.7
2026-07-24 23:00:00,24.3,42,0.0,0,6.0
2026-07-25 00:00:00,23.4,45,0.0,0,4.3
2026-07-25 01:00:00,22.5,47,0.0,0,4.5
2026-07-25 02:00:00,19.8,58,0.0,0,7.0
2026-07-25 03:00:00,18.9,63,0.0,0,5.6
2026-07-25 04:00:00,18.3,68,0.0,4,5.6
2026-07-25 05:00:00,17.7,72,0.0,2,6.7
2026-07-25 06:00:00,17.1,76,0.0,51,4.2
2026-07-25 07:00:00,17.1,77,0.0,78,4.0
2026-07-25 08:00:00,17.6,75,0.0,88,2.4
2026-07-25 09:00:00,19.7,65,0.0,33,1.8
2026-07-25 10:00:00,22.4,55,0.0,63,1.2
2026-07-25 11:00:00,24.8,45,0.0,2,2.6
2026-07-25 12:00:00,26.4,39,0.0,0,4.1
2026-07-25 13:00:00,27.7,35,0.0,0,5.5
2026-07-25 14:00:00,28.4,33,0.0,17,7.1
2026-07-25 15:00:00,29.4,30,0.0,12,7.4
2026-07-25 16:00:00,30.0,28,0.0,5,8.1
2026-07-25 17:00:00,30.1,27,0.0,5,9.8
2026-07-25 18:00:00,29.9,27,0.0,2,10.6
2026-07-25 19:00:00,29.4,27,0.0,1,11.8
2026-07-25 20:00:00,28.2,29,0.0,2,12.6
2026-07-25 21:00:00,26.4,34,0.0,5,16.5
2026-07-25 22:00:00,25.0,40,0.0,3,13.0
2026-07-25 23:00:00,23.8,45,0.0,2,13.5
2026-07-26 00:00:00,22.2,49,0.0,1,14.2
2026-07-26 01:00:00,20.9,56,0.0,0,11.4
2026-07-26 02:00:00,19.6,65,0.0,0,10.7
2026-07-26 03:00:00,18.8,69,0.0,0,9.2
2026-07-26 04:00:00,18.0,73,0.0,0,10.2
2026-07-26 05:00:00,17.3,76,0.0,0,9.5
2026-07-26 06:00:00,16.7,78,0.0,0,9.5
2026-07-26 07:00:00,16.5,79,0.0,2,9.8
2026-07-26 08:00:00,17.4,77,0.0,54,13.7
2026-07-26 09:00:00,19.1,70,0.0,100,16.3
2026-07-26 10:00:00,19.9,68,0.0,100,16.6
2026-07-26 11:00:00,20.2,68,0.0,100,17.1
2026-07-26 12:00:00,21.1,64,0.0,100,18.0
2026-07-26 13:00:00,21.9,61,0.0,98,18.1
2026-07-26 14:00:00,23.3,56,0.0,100,20.3
2026-07-26 15:00:00,23.6,55,0.0,100,21.0
2026-07-26 16:00:00,24.4,53,0.0,99,22.9
2026-07-26 17:00:00,24.7,50,0.0,100,21.4
2026-07-26 18:00:00,24.8,52,0.0,78,20.8
2026-07-26 19:00:00,24.6,55,0.1,78,22.6
2026-07-26 20:00:00,23.8,60,0.2,37,16.5
2026-07-26 21:00:00,23.9,54,0.1,49,18.3
2026-07-26 22:00:00,22.2,55,0.0,5,18.3
2026-07-26 23:00:00,20.9,59,0.0,20,16.6
2026-07-27 00:00:00,19.6,61,0.0,2,14.5
2026-07-27 01:00:00,18.8,63,0.0,1,12.8
2026-07-27 02:00:00,17.8,68,0.0,0,13.4
2026-07-27 03:00:00,17.4,72,0.0,0,13.2
2026-07-27 04:00:00,17.0,75,0.0,0,12.4
2026-07-27 05:00:00,16.6,78,0.0,0,11.7
2026-07-27 06:00:00,16.2,80,0.0,0,11.0
2026-07-27 07:00:00,16.1,81,0.0,1,10.6
2026-07-27 08:00:00,17.0,79,0.0,0,9.1
2026-07-27 09:00:00,18.7,72,0.0,0,9.3
2026-07-27 10:00:00,20.5,61,0.0,29,11.1
2026-07-27 11:00:00,21.8,53,0.0,100,11.0
2026-07-27 12:00:00,22.6,48,0.0,100,11.5
2026-07-27 13:00:00,22.5,48,0.0,100,10.4
2026-07-27 14:00:00,24.0,43,0.0,100,10.1
2026-07-27 15:00:00,24.5,41,0.0,82,9.4
2026-07-27 16:00:00,25.9,36,0.0,52,9.1
2026-07-27 17:00:00,26.3,35,0.0,0,7.0
2026-07-27 18:00:00,26.7,34,0.0,2,7.3
2026-07-27 19:00:00,26.6,35,0.0,1,8.4
2026-07-27 20:00:00,26.1,35,0.0,0,8.8
2026-07-27 21:00:00,25.1,38,0.0,0,10.0
2026-07-27 22:00:00,23.9,44,0.0,0,10.2
2026-07-27 23:00:00,22.7,49,0.0,0,8.7
2026-07-28 00:00:00,21.5,54,0.0,0,6.8
2026-07-28 01:00:00,20.5,58,0.0,0,5.8
2026-07-28 02:00:00,18.8,66,0.0,0,5.8
2026-07-28 03:00:00,18.1,69,0.0,0,4.2
2026-07-28 04:00:00,17.6,72,0.0,0,2.2
2026-07-28 05:00:00,17.1,75,0.0,0,1.4
2026-07-28 06:00:00,16.7,78,0.0,0,1.5
2026-07-28 07:00:00,16.7,78,0.0,0,3.2
2026-07-28 08:00:00,17.6,72,0.0,0,2.5
2026-07-28 09:00:00,20.0,59,0.0,0,1.6
2026-07-28 10:00:00,22.4,49,0.0,0,2.9
2026-07-28 11:00:00,24.5,43,0.0,0,3.8
2026-07-28 12:00:00,26.4,38,0.0,0,3.5
2026-07-28 13:00:00,28.0,34,0.0,0,3.2
2026-07-28 14:00:00,29.7,30,0.0,0,3.3
2026-07-28 15:00:00,31.0,28,0.0,0,2.7
2026-07-28 16:00:00,31.8,26,0.0,0,2.6
2026-07-28 17:00:00,32.3,25,0.0,0,4.1
2026-07-28 18:00:00,32.4,26,0.0,0,6.7
2026-07-28 19:00:00,32.0,27,0.0,0,9.3
2026-07-28 20:00:00,31.9,26,0.0,0,10.5
2026-07-28 21:00:00,31.0,28,0.0,0,10.2
2026-07-28 22:00:00,29.9,31,0.0,0,5.9
2026-07-28 23:00:00,28.9,33,0.0,0,5.0
2026-07-29 00:00:00,27.8,37,0.0,0,7.2
2026-07-29 01:00:00,26.7,40,0.0,0,6.7
2026-07-29 02:00:00,24.4,48,0.0,0,5.3
2026-07-29 03:00:00,23.2,52,0.0,0,3.3
2026-07-29 04:00:00,22.5,55,0.0,0,2.8
2026-07-29 05:00:00,21.8,58,0.0,0,2.4
2026-07-29 06:00:00,21.1,61,0.0,0,2.6
2026-07-29 07:00:00,20.9,63,0.0,0,2.3
2026-07-29 08:00:00,21.8,58,0.0,0,2.2
2026-07-29 09:00:00,24.6,48,0.0,0,0.6
2026-07-29 10:00:00,27.9,38,0.0,0,0.6
2026-07-29 11:00:00,31.2,28,0.0,0,2.0
2026-07-29 12:00:00,33.1,23,0.0,0,4.9
2026-07-29 13:00:00,34.5,21,0.0,0,8.0
2026-07-29 14:00:00,36.2,17,0.0,0,10.0
2026-07-29 15:00:00,36.8,16,0.0,0,11.2
2026-07-29 16:00:00,37.4,15,0.0,2,12.0
2026-07-29 17:00:00,37.9,14,0.0,2,11.7
2026-07-29 18:00:00,38.1,14,0.0,0,15.4
2026-07-29 19:00:00,37.2,15,0.0,0,15.2
2026-07-29 20:00:00,36.8,15,0.0,0,12.3
2026-07-29 21:00:00,35.6,16,0.0,0,8.9
2026-07-29 22:00:00,33.6,20,0.0,0,4.1
2026-07-29 23:00:00,32.6,23,0.0,0,1.0
2026-07-30 00:00:00,30.8,24,0.0,0,6.9
2026-07-30 01:00:00,27.3,43,0.0,0,10.6
2026-07-30 02:00:00,24.5,56,0.0,0,9.2
2026-07-30 03:00:00,23.5,60,0.0,0,7.9
2026-07-30 04:00:00,22.7,63,0.0,0,7.4
2026-07-30 05:00:00,21.9,63,0.0,4,7.7
2026-07-30 06:00:00,21.2,64,0.0,13,9.0
2026-07-30 07:00:00,20.9,61,0.0,44,7.8
2026-07-30 08:00:00,20.9,61,0.0,83,8.7
2026-07-30 09:00:00,22.2,57,0.0,99,9.4
2026-07-30 10:00:00,22.3,60,0.1,100,10.9
2026-07-30 11:00:00,20.5,79,2.0,100,4.5
2026-07-30 12:00:00,20.0,85,1.4,98,4.3
2026-07-30 13:00:00,23.1,70,0.0,100,10.1
2026-07-30 14:00:00,22.7,75,0.0,31,4.4
2026-07-30 15:00:00,25.3,65,0.0,19,5.6
2026-07-30 16:00:00,26.9,57,0.0,32,7.5
2026-07-30 17:00:00,28.1,51,0.0,62,8.9
2026-07-30 18:00:00,28.6,47,0.0,30,8.2
2026-07-30 19:00:00,28.5,47,0.0,14,7.6
2026-07-30 20:00:00,28.1,51,0.0,22,5.8
2026-07-30 21:00:00,26.4,61,0.0,55,4.5
2026-07-30 22:00:00,24.5,70,0.0,72,3.6
2026-07-30 23:00:00,23.3,69,0.0,72,11.1
2026-07-31 00:00:00,21.4,76,0.0,89,10.4
2026-07-31 01:00:00,20.8,77,0.0,66,10.1
2026-07-31 02:00:00,19.6,78,0.0,70,8.4
2026-07-31 03:00:00,19.4,79,0.0,99,6.7
2026-07-31 04:00:00,19.0,81,0.0,99,5.5
2026-07-31 05:00:00,18.9,82,0.0,100,3.9
2026-07-31 06:00:00,18.6,84,0.0,100,4.3
2026-07-31 07:00:00,18.5,84,0.0,100,4.5
2026-07-31 08:00:00,18.2,86,0.0,97,5.9
2026-07-31 09:00:00,19.3,81,0.0,17,5.5
2026-07-31 10:00:00,20.9,74,0.0,77,5.2
2026-07-31 11:00:00,22.2,69,0.0,84,4.3
2026-07-31 12:00:00,23.4,65,0.0,57,4.3
2026-07-31 13:00:00,24.4,62,0.0,23,4.8
2026-07-31 14:00:00,25.6,53,0.0,51,7.0
2026-07-31 15:00:00,26.9,48,0.0,50,7.9
2026-07-31 16:00:00,27.0,47,0.0,68,8.1
2026-07-31 17:00:00,27.3,45,0.0,35,8.0
2026-07-31 18:00:00,27.3,42,0.0,98,6.9
2026-07-31 19:00:00,27.2,41,0.0,81,5.9
2026-07-31 20:00:00,26.7,45,0.0,21,8.1
2026-07-31 21:00:00,24.8,50,0.0,36,12.4
2026-07-31 22:00:00,23.0,56,0.0,45,13.3
2026-07-31 23:00:00,21.4,66,0.0,4,12.0
2026-08-01 00:00:00,20.4,70,0.0,27,9.4
2026-08-01 01:00:00,19.6,73,0.0,95,9.4
2026-08-01 02:00:00,18.5,79,0.0,98,9.9
2026-08-01 03:00:00,18.2,81,0.2,99,9.7
2026-08-01 04:00:00,17.6,84,0.1,91,7.8
2026-08-01 05:00:00,17.4,85,0.0,98,6.4
2026-08-01 06:00:00,17.3,85,0.0,95,7.3
2026-08-01 07:00:00,17.2,85,0.0,55,8.0
2026-08-01 08:00:00,17.4,83,0.0,47,7.3
2026-08-01 09:00:00,18.7,76,0.0,1,6.2
2026-08-01 10:00:00,20.2,70,0.0,0,5.9
2026-08-01 11:00:00,21.9,64,0.0,2,6.0
2026-08-01 12:00:00,23.4,57,0.0,1,6.0
2026-08-01 13:00:00,24.6,49,0.0,5,5.0
2026-08-01 14:00:00,26.1,39,0.0,29,3.9
2026-08-01 15:00:00,26.7,36,0.0,76,4.3
2026-08-01 16:00:00,27.2,33,0.0,95,3.6
2026-08-01 17:00:00,27.5,31,0.0,94,4.8
2026-08-01 18:00:00,27.2,32,0.0,100,6.3
2026-08-01 19:00:00,26.9,32,0.0,100,6.2
2026-08-01 20:00:00,26.5,35,0.0,93,5.4
2026-08-01 21:00:00,25.7,37,0.0,64,5.8
2026-08-01 22:00:00,23.7,43,0.0,73,5.3
2026-08-01 23:00:00,22.4,47,0.0,75,10.2
2026-08-02 00:00:00,21.0,53,0.0,69,9.7
2026-08-02 01:00:00,20.1,55,0.0,18,7.2
2026-08-02 02:00:00,18.5,63,0.0,0,8.0
2026-08-02 03:00:00,17.9,64,0.0,0,6.0
2026-08-02 04:00:00,17.4,65,0.0,0,5.1
2026-08-02 05:00:00,16.9,64,0.0,0,5.2
2026-08-02 06:00:00,16.4,65,0.0,5,5.4
2026-08-02 07:00:00,16.2,64,0.0,0,5.9
2026-08-02 08:00:00,17.1,63,0.0,0,6.1
2026-08-02 09:00:00,19.3,54,0.0,5,4.2
2026-08-02 10:00:00,22.1,45,0.0,29,4.8
2026-08-02 11:00:00,24.9,37,0.0,31,6.2
2026-08-02 12:00:00,26.9,32,0.0,41,6.8
2026-08-02 13:00:00,28.2,29,0.0,35,5.6
2026-08-02 14:00:00,29.9,25,0.0,48,4.9
2026-08-02 15:00:00,30.7,24,0.0,83,5.4
2026-08-02 16:00:00,31.3,23,0.0,92,6.7
2026-08-02 17:00:00,31.5,22,0.0,96,7.5
2026-08-02 18:00:00,31.6,22,0.0,100,7.7
2026-08-02 19:00:00,31.2,22,0.0,100,8.4
2026-08-02 20:00:00,30.9,22,0.0,100,10.0
2026-08-02 21:00:00,29.7,24,0.0,89,10.1
2026-08-02 22:00:00,28.0,30,0.0,75,8.7
2026-08-02 23:00:00,26.7,34,0.0,41,8.5
2026-08-03 00:00:00,25.7,35,0.0,6,8.0
2026-08-03 01:00:00,25.1,37,0.0,11,6.8
2026-08-03 02:00:00,22.9,44,0.0,5,7.6
2026-08-03 03:00:00,22.1,50,0.0,9,6.3
2026-08-03 04:00:00,21.5,55,0.0,28,4.8
2026-08-03 05:00:00,21.0,60,0.0,60,3.9
2026-08-03 06:00:00,20.8,63,0.0,92,4.2
2026-08-03 07:00:00,20.7,65,0.0,96,5.9
2026-08-03 08:00:00,21.3,64,0.0,94,6.3
2026-08-03 09:00:00,23.6,55,0.0,83,4.5
2026-08-03 10:00:00,26.7,45,0.0,76,2.8
2026-08-03 11:00:00,29.6,37,0.0,62,3.8
2026-08-03 12:00:00,32.4,31,0.0,48,5.8
2026-08-03 13:00:00,34.3,28,0.0,69,6.9
2026-08-03 14:00:00,32.8,33,0.0,77,12.5
2026-08-03 15:00:00,33.2,32,0.2,86,5.1
2026-08-03 16:00:00,30.9,39,0.8,99,15.0
2026-08-03 17:00:00,32.1,34,0.1,97,9.5
2026-08-03 18:00:00,32.7,33,0.0,98,9.0
2026-08-03 19:00:00,32.4,34,0.0,100,6.1
2026-08-03 20:00:00,26.6,59,0.0,98,3.6
2026-08-03 21:00:00,27.3,55,0.2,59,5.0
2026-08-03 22:00:00,26.7,59,0.0,16,2.8
2026-08-03 23:00:00,25.9,62,0.0,78,3.9
2026-08-04 00:00:00,25.4,62,0.0,88,6.8
2026-08-04 01:00:00,24.6,65,0.0,76,6.8
2026-08-04 02:00:00,23.2,68,0.0,77,4.6
2026-08-04 03:00:00,21.7,78,0.3,98,6.8
2026-08-04 04:00:00,21.8,81,0.1,100,0.9
2026-08-04 05:00:00,21.5,79,0.0,98,9.3
2026-08-04 06:00:00,21.3,79,0.0,99,5.1
2026-08-04 07:00:00,21.3,81,0.0,94,2.9
2026-08-04 08:00:00,21.9,77,0.0,46,7.9
2026-08-04 09:00:00,23.4,71,0.0,49,8.8
2026-08-04 10:00:00,24.3,67,0.0,100,10.1
2026-08-04 11:00:00,24.9,65,0.0,51,10.0
2026-08-04 12:00:00,26.4,62,0.0,16,10.5
2026-08-04 13:00:00,28.5,55,0.0,30,12.0
2026-08-04 14:00:00,28.5,50,0.2,23,10.1
2026-08-04 15:00:00,30.2,44,0.1,9,10.5
2026-08-04 16:00:00,30.8,36,0.0,4,12.2
2026-08-04 17:00:00,31.0,32,0.0,0,13.0
2026-08-04 18:00:00,30.3,34,0.0,17,16.4
2026-08-04 19:00:00,30.1,36,0.0,14,11.8
2026-08-04 20:00:00,29.1,41,0.0,2,12.8
2026-08-04 21:00:00,28.2,44,0.0,33,12.9
2026-08-04 22:00:00,27.2,48,0.0,2,12.0
2026-08-04 23:00:00,26.0,53,0.0,7,11.5
2026-08-05 00:00:00,25.1,57,0.0,7,13.8
2026-08-05 01:00:00,24.7,60,0.0,5,13.6
2026-08-05 02:00:00,23.4,60,0.0,2,12.5
2026-08-05 03:00:00,22.6,63,0.0,1,10.6
2026-08-05 04:00:00,21.7,67,0.0,1,10.3
2026-08-05 05:00:00,21.0,71,0.0,0,9.8
2026-08-05 06:00:00,20.3,75,0.0,0,9.3
2026-08-05 07:00:00,19.8,79,0.0,3,9.5
2026-08-05 08:00:00,20.6,77,0.0,16,10.9
2026-08-05 09:00:00,21.6,72,0.0,11,11.9
2026-08-05 10:00:00,22.9,63,0.0,25,12.5
2026-08-05 11:00:00,24.3,54,0.0,22,13.1
2026-08-05 12:00:00,25.6,47,0.0,16,14.4
2026-08-05 13:00:00,26.5,40,0.0,77,15.1
2026-08-05 14:00:00,26.3,39,0.0,100,15.3
2026-08-05 15:00:00,26.9,37,0.0,93,14.7
2026-08-05 16:00:00,27.3,35,0.0,97,15.6
2026-08-05 17:00:00,27.0,36,0.0,97,15.7
2026-08-05 18:00:00,26.2,38,0.0,100,15.5
2026-08-05 19:00:00,25.5,39,0.0,100,14.9
2026-08-05 20:00:00,25.1,39,0.0,100,12.7
2026-08-05 21:00:00,24.7,38,0.0,17,12.8
2026-08-05 22:00:00,22.5,49,0.0,15,14.6
2026-08-05 23:00:00,21.7,50,0.0,7,12.9
2026-08-06 00:00:00,20.9,52,0.0,6,10.1
2026-08-06 01:00:00,20.0,54,0.0,1,8.7
2026-08-06 02:00:00,18.4,61,0.0,84,7.3
2026-08-06 03:00:00,18.2,63,0.0,100,6.1
2026-08-06 04:00:00,17.7,64,0.0,61,6.8
2026-08-06 05:00:00,17.1,67,0.0,70,6.1
2026-08-06 06:00:00,16.7,70,0.0,45,5.1
2026-08-06 07:00:00,16.2,73,0.0,63,5.8
2026-08-06 08:00:00,16.6,74,0.0,100,5.0
2026-08-06 09:00:00,17.6,70,0.0,37,5.2
2026-08-06 10:00:00,19.1,63,0.0,20,5.8
2026-08-06 11:00:00,20.8,54,0.0,30,7.2
2026-08-06 12:00:00,22.1,47,0.0,23,8.5
2026-08-06 13:00:00,23.1,42,0.0,22,9.3
2026-08-06 14:00:00,24.1,40,0.0,27,10.6
2026-08-06 15:00:00,24.7,37,0.0,31,10.7
2026-08-06 16:00:00,24.8,36,0.0,27,11.2
2026-08-06 17:00:00,24.6,34,0.0,27,11.1
2026-08-06 18:00:00,24.7,31,0.0,13,9.4
2026-08-06 19:00:00,24.5,31,0.0,5,10.0
2026-08-06 20:00:00,24.0,32,0.0,14,11.2
2026-08-06 21:00:00,22.7,36,0.0,13,13.9
2026-08-06 22:00:00,21.1,42,0.0,0,15.0
2026-08-06 23:00:00,19.6,48,0.0,0,13.1
2026-08-07 00:00:00,18.6,51,0.0,0,9.2
2026-08-07 01:00:00,17.8,53,0.0,0,8.4
2026-08-07 02:00:00,15.9,59,0.0,0,8.5
2026-08-07 03:00:00,15.0,62,0.0,0,7.3
2026-08-07 04:00:00,14.3,66,0.0,0,5.8
2026-08-07 05:00:00,13.7,70,0.0,0,4.8
2026-08-07 06:00:00,13.2,73,0.0,0,4.0
2026-08-07 07:00:00,12.9,76,0.0,0,3.4
2026-08-07 08:00:00,13.7,75,0.0,0,3.8
2026-08-07 09:00:00,15.9,66,0.0,0,3.5
2026-08-07 10:00:00,18.4,54,0.0,0,4.1
2026-08-07 11:00:00,20.3,47,0.0,0,3.7
2026-08-07 12:00:00,21.9,41,0.0,0,2.4
2026-08-07 13:00:00,23.1,36,0.0,0,2.6
2026-08-07 14:00:00,24.9,28,0.0,2,4.1
2026-08-07 15:00:00,26.1,24,0.0,2,4.9
2026-08-07 16:00:00,26.7,24,0.0,0,6.8
2026-08-07 17:00:00,26.9,24,0.0,0,8.2
2026-08-07 18:00:00,26.7,26,0.0,0,10.0
2026-08-07 19:00:00,26.0,28,0.0,0,11.8
2026-08-07 20:00:00,25.6,27,0.0,0,10.2
2026-08-07 21:00:00,24.6,29,0.0,0,10.9
2026-08-07 22:00:00,23.5,32,0.0,0,10.1
2026-08-07 23:00:00,22.4,36,0.0,0,8.6
2026-08-08 00:00:00,21.4,38,0.0,0,8.2
2026-08-08 01:00:00,20.6,41,0.0,62,8.3
2026-08-08 02:00:00,18.4,49,0.0,25,7.4
2026-08-08 03:00:00,17.8,51,0.0,1,6.5
2026-08-08 04:00:00,17.0,54,0.0,0,5.7
2026-08-08 05:00:00,16.2,57,0.0,0,4.8
2026-08-08 06:00:00,15.6,59,0.0,0,4.6
2026-08-08 07:00:00,15.3,61,0.0,0,4.8
2026-08-08 08:00:00,16.2,58,0.0,17,5.0
2026-08-08 09:00:00,18.1,51,0.0,2,4.5
2026-08-08 10:00:00,20.4,44,0.0,5,4.2
2026-08-08 11:00:00,22.9,37,0.0,5,4.3
2026-08-08 12:00:00,25.1,31,0.0,50,5.0
2026-08-08 13:00:00,26.8,27,0.0,44,5.8
2026-08-08 14:00:00,28.7,23,0.0,0,5.0
2026-08-08 15:00:00,29.8,21,0.0,0,4.2
2026-08-08 16:00:00,30.5,20,0.0,48,4.0
2026-08-08 17:00:00,31.0,19,0.0,73,4.0
2026-08-08 18:00:00,31.1,18,0.0,4,4.2
2026-08-08 19:00:00,30.8,18,0.0,0,5.0
2026-08-08 20:00:00,30.7,17,0.0,0,5.3
2026-08-08 21:00:00,29.4,20,0.0,0,3.3
2026-08-08 22:00:00,28.1,24,0.0,5,0.6
2026-08-08 23:00:00,26.5,25,0.0,0,3.3
2026-08-09 00:00:00,25.5,28,0.0,1,3.9
2026-08-09 01:00:00,24.6,30,0.0,9,4.8
2026-08-09 02:00:00,22.1,39,0.0,47,4.2
2026-08-09 03:00:00,21.4,41,0.0,93,3.9
2026-08-09 04:00:00,20.7,44,0.0,95,4.1
2026-08-09 05:00:00,20.3,45,0.0,100,4.7
2026-08-09 06:00:00,20.0,46,0.0,100,5.1
2026-08-09 07:00:00,20.2,45,0.0,91,4.4
2026-08-09 08:00:00,19.6,52,0.0,97,3.2
2026-08-09 09:00:00,21.2,46,0.0,95,4.8
2026-08-09 10:00:00,23.0,38,0.0,100,5.6
2026-08-09 11:00:00,23.8,35,0.0,81,5.0
2026-08-09 12:00:00,27.3,29,0.0,52,5.1
2026-08-09 13:00:00,29.7,26,0.0,88,3.5
2026-08-09 14:00:00,28.8,30,0.0,30,4.9
2026-08-09 15:00:00,31.2,26,0.0,1,3.8
2026-08-09 16:00:00,32.3,24,0.0,0,1.9
2026-08-09 17:00:00,32.9,23,0.0,3,2.8
2026-08-09 18:00:00,32.9,24,0.0,3,4.5
2026-08-09 19:00:00,32.6,24,0.0,8,4.7
2026-08-09 20:00:00,32.1,25,0.0,4,4.3
2026-08-09 21:00:00,31.1,29,0.0,17,2.6
2026-08-09 22:00:00,30.0,32,0.0,18,1.1
2026-08-09 23:00:00,27.6,40,0.0,4,19.0
2026-08-10 00:00:00,25.5,48,0.0,2,10.5
2026-08-10 01:00:00,24.8,49,0.0,0,8.3
2026-08-10 02:00:00,23.0,53,0.0,2,8.2
2026-08-10 03:00:00,22.2,56,0.0,1,6.2
2026-08-10 04:00:00,21.2,58,0.0,1,6.5
2026-08-10 05:00:00,20.3,60,0.0,5,6.5
2026-08-10 06:00:00,19.7,62,0.0,1,6.5
2026-08-10 07:00:00,19.1,65,0.0,1,7.0
2026-08-10 08:00:00,19.3,67,0.0,7,5.5
2026-08-10 09:00:00,20.9,63,0.0,9,6.0
2026-08-10 10:00:00,22.9,57,0.0,2,6.6
2026-08-10 11:00:00,25.0,50,0.0,0,8.6
2026-08-10 12:00:00,26.9,42,0.0,0,8.7
2026-08-10 13:00:00,28.3,37,0.0,0,7.9
2026-08-10 14:00:00,29.9,32,0.0,0,8.3
2026-08-10 15:00:00,30.9,29,0.0,1,8.3
2026-08-10 16:00:00,31.2,28,0.0,1,9.0
2026-08-10 17:00:00,31.3,29,0.0,1,9.3
2026-08-10 18:00:00,31.1,30,0.0,0,9.4
2026-08-10 19:00:00,30.5,31,0.0,0,9.5
2026-08-10 20:00:00,30.0,30,0.0,0,10.2
2026-08-10 21:00:00,28.8,31,0.0,2,10.9
2026-08-10 22:00:00,27.3,33,0.0,8,12.7
2026-08-10 23:00:00,25.7,39,0.0,1,13.7
2026-08-11 00:00:00,24.1,48,0.0,0,12.8
2026-08-11 01:00:00,23.1,53,0.0,0,12.0
2026-08-11 02:00:00,21.4,60,0.0,2,11.4
2026-08-11 03:00:00,20.7,63,0.0,0,10.5
2026-08-11 04:00:00,20.0,66,0.0,0,10.4
2026-08-11 05:00:00,19.5,68,0.0,4,10.1
2026-08-11 06:00:00,18.9,70,0.0,0,9.4
2026-08-11 07:00:00,18.4,71,0.0,0,8.0
2026-08-11 08:00:00,18.9,69,0.0,0,7.4
2026-08-11 09:00:00,20.7,61,0.0,0,7.9
2026-08-11 10:00:00,22.7,54,0.0,0,8.0
2026-08-11 11:00:00,24.9,47,0.0,1,8.4
2026-08-11 12:00:00,27.2,41,0.0,0,8.7
2026-08-11 13:00:00,29.0,36,0.0,0,8.9
2026-08-11 14:00:00,30.5,31,0.0,0,8.9
2026-08-11 15:00:00,31.5,29,0.0,0,8.8
2026-08-11 16:00:00,32.1,28,0.0,0,8.9
2026-08-11 17:00:00,32.2,27,0.0,0,9.6
2026-08-11 18:00:00,32.0,27,0.0,0,10.8
2026-08-11 19:00:00,31.4,29,0.0,0,11.6
2026-08-11 20:00:00,30.9,29,0.0,0,10.8
2026-08-11 21:00:00,29.6,32,0.0,0,11.7
2026-08-11 22:00:00,28.2,35,0.0,0,11.7
2026-08-11 23:00:00,27.0,36,0.0,0,11.5
2026-08-12 00:00:00,25.7,38,0.0,0,10.9
2026-08-12 01:00:00,24.6,40,0.0,0,9.8
2026-08-12 02:00:00,23.0,43,0.0,0,9.0
2026-08-12 03:00:00,22.5,42,0.0,0,7.5
2026-08-12 04:00:00,21.9,41,0.0,0,6.5
2026-08-12 05:00:00,21.4,41,0.0,0,5.9
2026-08-12 06:00:00,21.0,41,0.0,0,5.6
2026-08-12 07:00:00,20.7,40,0.0,0,5.9
2026-08-12 08:00:00,21.4,38,0.0,0,6.7
2026-08-12 09:00:00,23.4,31,0.0,0,5.2
2026-08-12 10:00:00,25.6,26,0.0,0,6.2
2026-08-12 11:00:00,27.8,23,0.0,0,5.7
2026-08-12 12:00:00,30.1,22,0.0,0,6.6
2026-08-12 13:00:00,31.8,21,0.0,0,7.8
2026-08-12 14:00:00,33.5,18,0.0,0,6.4
2026-08-12 15:00:00,34.3,16,0.0,0,5.6
2026-08-12 16:00:00,34.9,15,0.0,0,6.1
2026-08-12 17:00:00,35.1,15,0.0,0,6.3
2026-08-12 18:00:00,35.0,15,0.0,0,6.9
2026-08-12 19:00:00,34.5,16,0.0,0,7.1
2026-08-12 20:00:00,34.0,16,0.0,0,5.0
2026-08-12 21:00:00,32.3,19,0.0,0,3.9
2026-08-12 22:00:00,31.0,23,0.0,0,5.2
2026-08-12 23:00:00,29.6,28,0.0,0,6.5
2026-08-13 00:00:00,28.4,32,0.0,0,6.5
2026-08-13 01:00:00,27.5,34,0.0,0,6.1
2026-08-13 02:00:00,24.8,40,0.0,0,6.6
2026-08-13 03:00:00,24.4,40,0.0,0,5.5
2026-08-13 04:00:00,23.7,41,0.0,0,3.8
2026-08-13 05:00:00,23.1,43,0.0,0,3.3
2026-08-13 06:00:00,22.7,43,0.0,0,3.9
2026-08-13 07:00:00,22.3,44,0.0,0,2.8
2026-08-13 08:00:00,22.9,41,0.0,0,3.3
2026-08-13 09:00:00,25.2,34,0.0,0,2.4
2026-08-13 10:00:00,27.9,27,0.0,0,2.9
2026-08-13 11:00:00,30.6,23,0.0,0,2.8
2026-08-13 12:00:00,32.9,20,0.0,0,3.5
2026-08-13 13:00:00,34.7,19,0.0,0,4.8
2026-08-13 14:00:00,36.2,17,0.0,0,3.8
2026-08-13 15:00:00,37.1,16,0.0,1,3.9
2026-08-13 16:00:00,37.5,15,0.0,10,5.3
2026-08-13 17:00:00,37.6,15,0.0,19,6.5
2026-08-13 18:00:00,37.3,15,0.0,0,8.8
2026-08-13 19:00:00,36.8,15,0.0,2,8.5
2026-08-13 20:00:00,36.3,15,0.0,1,6.8
2026-08-13 21:00:00,34.9,17,0.0,0,5.6
2026-08-13 22:00:00,33.3,19,0.0,1,8.5
2026-08-13 23:00:00,32.0,21,0.0,2,6.1
2026-08-14 00:00:00,31.0,24,0.0,1,2.7
2026-08-14 01:00:00,30.3,25,0.0,1,1.3
2026-08-14 02:00:00,26.9,31,0.0,0,4.3
2026-08-14 03:00:00,26.1,33,0.0,0,3.7
2026-08-14 04:00:00,25.4,36,0.0,0,2.7
2026-08-14 05:00:00,25.0,38,0.0,0,1.0
2026-08-14 06:00:00,24.3,39,0.0,1,1.0
2026-08-14 07:00:00,23.7,41,0.0,1,2.4
2026-08-14 08:00:00,23.8,40,0.0,1,4.0
2026-08-14 09:00:00,26.2,34,0.0,1,0.5
2026-08-14 10:00:00,29.3,28,0.0,0,1.2
2026-08-14 11:00:00,32.9,22,0.0,0,0.0
2026-08-14 12:00:00,35.2,18,0.0,0,2.8
2026-08-14 13:00:00,36.6,17,0.0,2,4.7
2026-08-14 14:00:00,37.7,16,0.0,19,2.2
2026-08-14 15:00:00,38.2,16,0.0,12,2.8
2026-08-14 16:00:00,39.1,16,0.0,5,3.9
2026-08-14 17:00:00,39.0,16,0.0,16,5.6
2026-08-14 18:00:00,38.9,16,0.0,38,5.8
2026-08-14 19:00:00,37.9,17,0.0,95,8.4
2026-08-14 20:00:00,37.9,15,0.0,55,4.5
2026-08-14 21:00:00,34.9,23,0.0,62,12.5
2026-08-14 22:00:00,33.6,26,0.0,28,9.8
2026-08-14 23:00:00,31.1,34,0.0,8,7.5
2026-08-15 00:00:00,29.3,36,0.0,6,9.2
2026-08-15 01:00:00,27.2,40,0.0,27,19.5
2026-08-15 02:00:00,24.0,60,0.0,63,13.1
2026-08-15 03:00:00,22.6,62,0.0,42,15.8
2026-08-15 04:00:00,21.6,71,0.1,10,9.0
2026-08-15 05:00:00,21.1,76,0.0,8,4.6
2026-08-15 06:00:00,21.1,80,0.0,1,1.4
2026-08-15 07:00:00,20.8,80,0.0,34,1.9
2026-08-15 08:00:00,21.2,83,0.0,99,2.3
2026-08-15 09:00:00,21.8,80,0.0,95,3.5
2026-08-15 10:00:00,25.2,62,0.0,77,1.5
2026-08-15 11:00:00,26.9,54,0.0,98,5.6
2026-08-15 12:00:00,27.6,52,0.0,96,10.8
2026-08-15 13:00:00,28.5,49,0.0,74,8.5
2026-08-15 14:00:00,29.8,46,0.0,98,10.8
2026-08-15 15:00:00,29.2,47,0.0,98,11.0
2026-08-15 16:00:00,29.0,48,0.0,99,7.0
2026-08-15 17:00:00,29.3,48,0.0,91,6.8
2026-08-15 18:00:00,29.5,46,0.0,62,8.4
2026-08-15 19:00:00,29.3,48,0.0,80,6.7
2026-08-15 20:00:00,28.8,51,0.0,63,5.0
2026-08-15 21:00:00,27.6,58,0.0,14,3.8
2026-08-15 22:00:00,26.7,61,0.0,7,6.6
2026-08-15 23:00:00,25.5,66,0.0,3,10.9
2026-08-16 00:00:00,24.1,73,0.0,1,9.2
2026-08-16 01:00:00,23.3,77,0.0,0,7.5
2026-08-16 02:00:00,21.6,89,0.0,45,8.3
2026-08-16 03:00:00,21.2,92,1.1,58,5.0
2026-08-16 04:00:00,21.1,90,0.3,20,6.7
2026-08-16 05:00:00,20.8,91,0.0,2,3.4
2026-08-16 06:00:00,20.4,92,0.0,11,4.6
2026-08-16 07:00:00,20.0,93,0.0,7,6.4
2026-08-16 08:00:00,20.1,91,0.0,29,7.8
2026-08-16 09:00:00,21.4,83,0.0,13,7.8
2026-08-16 10:00:00,22.9,75,0.0,20,5.0
2026-08-16 11:00:00,24.6,67,0.0,22,3.4
2026-08-16 12:00:00,26.7,57,0.0,55,4.3
2026-08-16 13:00:00,27.9,51,0.0,41,2.6
2026-08-16 14:00:00,28.9,47,0.0,34,4.3
2026-08-16 15:00:00,29.8,45,0.0,48,3.5
2026-08-16 16:00:00,30.0,44,0.1,85,4.8
2026-08-16 17:00:00,30.0,44,0.0,99,4.7
2026-08-16 18:00:00,29.2,46,0.0,98,4.6
2026-08-16 19:00:00,29.4,44,0.1,99,6.0
2026-08-16 20:00:00,28.5,44,0.0,100,9.9
2026-08-16 21:00:00,28.2,44,0.0,99,7.7
2026-08-16 22:00:00,27.5,45,0.0,99,8.7
2026-08-16 23:00:00,26.4,48,0.0,95,7.8
2026-08-17 00:00:00,25.5,50,0.0,25,6.8
2026-08-17 01:00:00,24.3,53,0.0,43,8.5
2026-08-17 02:00:00,22.6,60,0.0,93,8.1
2026-08-17 03:00:00,22.1,64,0.0,97,5.2
2026-08-17 04:00:00,21.8,67,0.0,97,4.0
2026-08-17 05:00:00,21.3,71,0.0,99,3.5
2026-08-17 06:00:00,20.9,72,0.0,95,6.7
2026-08-17 07:00:00,20.5,73,0.0,98,7.4
2026-08-17 08:00:00,20.4,72,0.0,88,7.3
2026-08-17 09:00:00,21.7,63,0.0,97,7.1
2026-08-17 10:00:00,22.7,57,0.0,82,7.7
2026-08-17 11:00:00,24.6,49,0.0,89,6.3
2026-08-17 12:00:00,25.6,48,0.0,16,7.4
2026-08-17 13:00:00,27.0,43,0.0,43,9.6
2026-08-17 14:00:00,27.7,42,0.0,50,10.7
2026-08-17 15:00:00,29.3,37,0.0,66,11.8
2026-08-17 16:00:00,29.4,36,0.0,88,15.0
2026-08-17 17:00:00,28.9,37,0.0,92,15.4
2026-08-17 18:00:00,28.4,38,0.0,65,17.6
2026-08-17 19:00:00,27.0,45,0.0,36,17.2
2026-08-17 20:00:00,26.9,43,0.0,79,15.3
2026-08-17 21:00:00,25.7,49,0.0,16,15.0
2026-08-17 22:00:00,24.7,54,0.0,8,13.1
2026-08-17 23:00:00,23.7,59,0.0,48,11.6
2026-08-18 00:00:00,23.2,61,0.0,28,11.4
2026-08-18 01:00:00,22.4,66,0.0,6,9.9
2026-08-18 02:00:00,20.8,74,0.0,57,9.0
2026-08-18 03:00:00,20.5,77,0.0,94,9.6
2026-08-18 04:00:00,20.0,80,0.0,87,10.1
2026-08-18 05:00:00,19.6,82,0.0,100,10.8
2026-08-18 06:00:00,19.3,83,0.0,100,11.5
2026-08-18 07:00:00,19.3,82,0.0,100,12.3
2026-08-18 08:00:00,19.6,78,0.0,100,12.8
2026-08-18 09:00:00,20.1,72,0.0,98,13.3
2026-08-18 10:00:00,21.2,65,0.0,98,12.6
2026-08-18 11:00:00,22.9,57,0.0,91,12.3
2026-08-18 12:00:00,24.6,51,0.0,98,13.4
2026-08-18 13:00:00,26.2,47,0.0,100,15.5
2026-08-18 14:00:00,26.1,52,0.0,100,14.2
2026-08-18 15:00:00,26.2,55,0.1,98,16.0
2026-08-18 16:00:00,27.2,51,0.0,98,17.0
2026-08-18 17:00:00,27.7,48,0.0,99,17.2
2026-08-18 18:00:00,27.7,48,0.1,97,18.6
2026-08-18 19:00:00,26.4,53,0.1,92,19.3
2026-08-18 20:00:00,25.0,59,0.0,100,14.2
2026-08-18 21:00:00,24.2,63,0.0,93,9.9
2026-08-18 22:00:00,23.8,66,0.0,64,5.5
2026-08-18 23:00:00,23.3,69,0.0,88,5.0
2026-08-19 00:00:00,23.1,71,0.0,46,4.2
2026-08-19 01:00:00,22.5,74,0.0,2,3.9
2026-08-19 02:00:00,21.2,83,0.0,99,7.2
2026-08-19 03:00:00,21.6,80,0.1,100,8.2
2026-08-19 04:00:00,21.3,84,0.3,100,8.1
2026-08-19 05:00:00,21.1,85,0.2,100,7.3
2026-08-19 06:00:00,20.8,85,0.5,84,7.7
2026-08-19 07:00:00,20.2,89,0.4,94,7.5
2026-08-19 08:00:00,20.7,87,0.3,98,6.0
2026-08-19 09:00:00,21.1,82,0.0,59,5.1
2026-08-19 10:00:00,22.3,73,0.2,73,8.5
2026-08-19 11:00:00,23.8,67,0.2,55,13.5
2026-08-19 12:00:00,25.4,59,0.3,33,17.1
2026-08-19 13:00:00,26.9,52,0.2,17,19.2
2026-08-19 14:00:00,27.6,47,0.1,75,22.0
2026-08-19 15:00:00,27.6,46,0.0,60,24.2
2026-08-19 16:00:00,27.7,46,0.1,61,24.2
2026-08-19 17:00:00,28.1,43,0.1,95,26.1
2026-08-19 18:00:00,25.2,55,0.6,97,26.1
2026-08-19 19:00:00,21.9,78,1.4,100,23.4
2026-08-19 20:00:00,20.0,92,1.0,100,16.4
2026-08-19 21:00:00,19.6,85,0.1,65,12.7
2026-08-19 22:00:00,18.9,83,0.0,10,11.0
2026-08-19 23:00:00,18.4,82,0.0,2,9.6
2026-08-20 00:00:00,17.9,84,0.0,1,9.8
2026-08-20 01:00:00,17.4,86,0.0,2,10.0
2026-08-20 02:00:00,17.4,86,0.0,5,10.7
2026-08-20 03:00:00,16.7,88,0.0,2,10.0
2026-08-20 04:00:00,16.1,89,0.0,1,9.8
2026-08-20 05:00:00,15.6,91,0.0,2,9.7
2026-08-20 06:00:00,15.3,92,0.0,12,9.1
2026-08-20 07:00:00,15.2,91,0.0,2,8.3
2026-08-20 08:00:00,16.0,88,0.0,2,8.6
2026-08-20 09:00:00,17.3,78,0.0,11,12.1
2026-08-20 10:00:00,18.5,71,0.0,59,11.6
2026-08-20 11:00:00,20.0,62,0.0,51,15.2
2026-08-20 12:00:00,21.4,54,0.0,94,16.9
2026-08-20 13:00:00,21.9,50,0.0,49,16.8
2026-08-20 14:00:00,23.0,47,0.1,45,16.7
2026-08-20 15:00:00,23.5,44,0.1,39,17.3
2026-08-20 16:00:00,23.9,42,0.1,33,18.1
2026-08-20 17:00:00,24.0,41,0.1,27,17.6
2026-08-20 18:00:00,24.3,39,0.0,38,16.3
2026-08-20 19:00:00,23.7,41,0.0,24,16.2
2026-08-20 20:00:00,22.1,52,0.0,23,12.1
2026-08-20 21:00:00,20.4,64,0.0,21,5.6
2026-08-20 22:00:00,19.7,68,0.0,49,4.8
2026-08-20 23:00:00,19.0,69,0.0,95,7.5
2026-08-21 00:00:00,17.9,74,0.0,99,5.2
2026-08-21 01:00:00,17.3,79,0.0,100,2.6
2026-08-21 02:00:00,16.9,84,0.0,100,1.3
2026-08-21 03:00:00,16.8,84,0.1,99,3.4
2026-08-21 04:00:00,16.4,86,0.1,98,4.5
2026-08-21 05:00:00,16.1,87,0.1,77,4.5
2026-08-21 06:00:00,15.8,88,0.1,52,4.9
2026-08-21 07:00:00,15.3,90,0.0,60,3.5
2026-08-21 08:00:00,15.9,90,0.0,65,6.0
2026-08-21 09:00:00,16.9,83,0.0,48,4.9
2026-08-21 10:00:00,18.2,74,0.0,72,7.3
2026-08-21 11:00:00,19.4,62,0.0,89,6.5
2026-08-21 12:00:00,20.4,54,0.0,87,8.2
2026-08-21 13:00:00,21.2,51,0.0,98,9.1
2026-08-21 14:00:00,22.0,44,0.0,95,10.3
2026-08-21 15:00:00,22.0,44,0.2,19,11.3
2026-08-21 16:00:00,21.3,49,0.2,61,14.6
2026-08-21 17:00:00,20.9,52,0.5,48,15.9
2026-08-21 18:00:00,19.5,61,0.8,25,11.8
2026-08-21 19:00:00,19.2,64,0.1,21,9.3
2026-08-21 20:00:00,18.6,67,0.0,26,10.4
2026-08-21 21:00:00,17.6,73,0.0,45,8.6
2026-08-21 22:00:00,16.8,77,0.1,98,9.2
2026-08-21 23:00:00,16.3,79,0.0,95,7.5
2026-08-22 00:00:00,15.7,82,0.0,85,7.4
2026-08-22 01:00:00,15.1,85,0.0,6,6.8
2026-08-22 02:00:00,14.2,92,0.0,19,8.6
2026-08-22 03:00:00,13.8,93,0.0,6,7.2
2026-08-22 04:00:00,13.5,95,0.0,5,7.9
2026-08-22 05:00:00,13.2,95,0.0,8,8.3
2026-08-22 06:00:00,12.8,95,0.0,2,4.4
2026-08-22 07:00:00,12.6,95,0.0,0,5.6
2026-08-22 08:00:00,13.3,93,0.0,1,5.2
2026-08-22 09:00:00,14.8,86,0.0,1,3.8
2026-08-22 10:00:00,16.4,77,0.0,0,5.2
2026-08-22 11:00:00,18.0,66,0.0,7,6.1
2026-08-22 12:00:00,19.3,56,0.0,10,5.6
2026-08-22 13:00:00,20.4,48,0.0,20,6.7
2026-08-22 14:00:00,21.2,44,0.1,31,6.1
2026-08-22 15:00:00,21.7,42,0.0,30,5.8
2026-08-22 16:00:00,21.9,42,0.0,75,5.6
2026-08-22 17:00:00,22.0,41,0.0,94,5.4
2026-08-22 18:00:00,21.9,42,0.0,88,5.4
2026-08-22 19:00:00,21.4,43,0.0,99,10.4
2026-08-22 20:00:00,20.0,51,0.0,98,12.4
2026-08-22 21:00:00,19.3,57,0.0,96,7.9
2026-08-22 22:00:00,18.7,60,0.0,98,8.9
2026-08-22 23:00:00,17.8,64,0.0,100,9.5
2026-08-23 00:00:00,17.1,68,0.0,99,10.4
2026-08-23 01:00:00,16.5,71,0.0,95,10.3
2026-08-23 02:00:00,15.8,72,0.0,93,10.5
2026-08-23 03:00:00,15.4,73,0.0,44,8.4
2026-08-23 04:00:00,14.7,76,0.0,39,8.4
2026-08-23 05:00:00,14.1,78,0.0,13,8.7
2026-08-23 06:00:00,13.5,80,0.0,39,8.8
2026-08-23 07:00:00,13.0,82,0.0,27,8.7
2026-08-23 08:00:00,13.6,80,0.0,3,8.0
2026-08-23 09:00:00,15.0,74,0.0,33,8.3
2026-08-23 10:00:00,16.9,67,0.0,91,9.5
2026-08-23 11:00:00,18.5,59,0.0,60,11.8
2026-08-23 12:00:00,20.0,51,0.0,67,12.3
2026-08-23 13:00:00,21.1,45,0.0,81,11.3
2026-08-23 14:00:00,22.4,38,0.0,54,12.2
2026-08-23 15:00:00,22.9,37,0.0,89,12.0
2026-08-23 16:00:00,23.2,36,0.0,59,12.9
2026-08-23 17:00:00,23.3,35,0.0,86,13.1
2026-08-23 18:00:00,23.1,35,0.0,30,14.0
2026-08-23 19:00:00,22.6,36,0.0,5,14.4
2026-08-23 20:00:00,22.1,36,0.0,9,13.0
2026-08-23 21:00:00,20.9,40,0.0,31,11.1
2026-08-23 22:00:00,19.5,47,0.0,7,12.9
2026-08-23 23:00:00,18.4,51,0.0,84,12.8
2026-08-24 00:00:00,17.8,52,0.0,84,12.6
2026-08-24 01:00:00,17.3,54,0.0,63,11.4
2026-08-24 02:00:00,17.4,53,0.0,98,13.4
2026-08-24 03:00:00,16.9,55,0.0,97,11.2
2026-08-24 04:00:00,16.2,58,0.0,100,10.9
2026-08-24 05:00:00,16.4,57,0.0,100,8.5
2026-08-24 06:00:00,16.3,57,0.0,99,10.1
2026-08-24 07:00:00,15.8,59,0.0,99,10.5
2026-08-24 08:00:00,15.9,59,0.0,98,11.5
2026-08-24 09:00:00,16.7,55,0.0,98,12.0
2026-08-24 10:00:00,18.2,50,0.0,88,12.1
2026-08-24 11:00:00,20.2,44,0.0,79,12.0
2026-08-24 12:00:00,22.2,40,0.0,64,13.8
2026-08-24 13:00:00,23.9,36,0.0,88,14.0
2026-08-24 14:00:00,24.4,36,0.0,33,15.2
2026-08-24 15:00:00,25.8,33,0.0,49,14.9
2026-08-24 16:00:00,26.5,32,0.0,97,12.9
2026-08-24 17:00:00,26.5,32,0.0,89,14.4
2026-08-24 18:00:00,26.1,32,0.0,97,15.7
2026-08-24 19:00:00,25.0,36,0.0,95,15.4
2026-08-24 20:00:00,24.5,37,0.0,99,13.8
2026-08-24 21:00:00,23.7,39,0.0,99,13.0
2026-08-24 22:00:00,22.8,43,0.0,78,14.1
2026-08-24 23:00:00,21.8,46,0.0,100,11.5
2026-08-25 00:00:00,21.2,49,0.0,95,9.8
2026-08-25 01:00:00,20.6,52,0.0,99,8.3
2026-08-25 02:00:00,19.6,55,0.0,100,8.5
2026-08-25 03:00:00,19.4,56,0.0,100,8.5
2026-08-25 04:00:00,19.1,57,0.0,100,6.1
2026-08-25 05:00:00,18.7,60,0.0,90,3.6
2026-08-25 06:00:00,17.8,68,0.4,86,7.7
2026-08-25 07:00:00,17.2,74,0.4,100,2.0
2026-08-25 08:00:00,16.3,93,0.1,69,6.9
2026-08-25 09:00:00,17.4,89,0.2,70,2.4
2026-08-25 10:00:00,18.8,71,0.0,63,0.6
2026-08-25 11:00:00,20.9,60,0.0,48,1.2
2026-08-25 12:00:00,22.7,54,0.0,19,1.3
2026-08-25 13:00:00,24.6,49,0.0,6,2.5
2026-08-25 14:00:00,26.5,43,0.0,0,3.1
2026-08-25 15:00:00,27.8,41,0.0,9,5.9
2026-08-25 16:00:00,28.2,41,0.0,4,5.9
2026-08-25 17:00:00,28.8,39,0.0,25,6.1
2026-08-25 18:00:00,25.8,50,0.5,62,11.2
2026-08-25 19:00:00,25.2,53,0.6,30,7.9
2026-08-25 20:00:00,23.1,68,0.1,19,3.5
2026-08-25 21:00:00,22.9,71,0.0,69,5.4
2026-08-25 22:00:00,22.7,77,0.0,93,3.2
2026-08-25 23:00:00,22.8,78,0.0,98,7.1
2026-08-26 00:00:00,22.6,73,0.0,91,6.9
2026-08-26 01:00:00,21.5,77,0.0,52,4.5
2026-08-26 02:00:00,18.8,95,0.0,60,4.2
2026-08-26 03:00:00,19.4,94,0.0,42,2.3
2026-08-26 04:00:00,19.0,96,0.0,30,4.0
2026-08-26 05:00:00,18.7,97,0.0,60,3.8
2026-08-26 06:00:00,18.4,96,0.5,45,9.8
2026-08-26 07:00:00,18.0,96,1.1,30,4.0
2026-08-26 08:00:00,18.5,95,0.2,13,4.8
2026-08-26 09:00:00,20.0,89,0.0,20,4.6
2026-08-26 10:00:00,22.1,74,0.0,70,3.8
2026-08-26 11:00:00,23.9,62,0.0,73,3.9
2026-08-26 12:00:00,25.5,54,0.0,41,6.1
2026-08-26 13:00:00,26.5,48,0.0,73,6.0
2026-08-26 14:00:00,27.3,47,0.0,72,8.0
2026-08-26 15:00:00,28.0,44,0.0,89,6.5
2026-08-26 16:00:00,28.6,42,0.0,75,5.9
2026-08-26 17:00:00,29.2,39,0.0,91,7.0
2026-08-26 18:00:00,29.1,38,0.0,96,6.6
2026-08-26 19:00:00,29.0,39,0.0,100,6.6
2026-08-26 20:00:00,28.2,40,0.0,99,5.5
2026-08-26 21:00:00,27.2,42,0.0,93,6.3
2026-08-26 22:00:00,26.5,44,0.0,55,6.5
2026-08-26 23:00:00,25.8,45,0.0,95,7.4
2026-08-27 00:00:00,25.3,46,0.0,98,9.2
2026-08-27 01:00:00,24.8,48,0.0,100,8.9
2026-08-27 02:00:00,24.7,57,0.0,100,9.0
2026-08-27 03:00:00,23.8,65,0.0,100,3.3
2026-08-27 04:00:00,20.6,86,3.7,100,3.5
2026-08-27 05:00:00,20.1,93,3.4,100,4.5
2026-08-27 06:00:00,19.7,96,0.3,99,4.8
2026-08-27 07:00:00,19.3,98,0.0,63,4.3
2026-08-27 08:00:00,19.7,92,0.0,7,10.0
2026-08-27 09:00:00,21.1,90,0.0,68,6.7
2026-08-27 10:00:00,22.2,85,0.0,44,8.6
2026-08-27 11:00:00,23.8,76,0.0,89,7.7
2026-08-27 12:00:00,24.2,73,0.0,95,9.3
2026-08-27 13:00:00,24.5,71,0.0,99,8.9
2026-08-27 14:00:00,26.2,58,0.0,100,5.2
2026-08-27 15:00:00,23.7,70,1.0,100,4.5
2026-08-27 16:00:00,24.5,67,0.0,100,3.0
2026-08-27 17:00:00,23.3,72,0.5,100,8.8
2026-08-27 18:00:00,21.5,84,1.4,92,2.8
2026-08-27 19:00:00,20.3,89,4.8,89,7.9
2026-08-27 20:00:00,20.9,94,11.0,79,5.9
2026-08-27 21:00:00,20.3,95,0.0,52,1.8
2026-08-27 22:00:00,19.6,95,0.0,100,4.8
2026-08-27 23:00:00,19.8,93,0.0,61,3.7
2026-08-28 00:00:00,18.8,95,0.0,91,4.6
2026-08-28 01:00:00,18.4,96,0.0,88,3.5
2026-08-28 02:00:00,18.1,100,0.0,100,5.2
2026-08-28 03:00:00,17.8,99,0.0,95,5.5
2026-08-28 04:00:00,17.4,99,0.0,84,7.0
2026-08-28 05:00:00,16.9,99,0.0,100,2.5
2026-08-28 06:00:00,16.4,99,0.0,100,2.9
2026-08-28 07:00:00,16.1,100,0.1,100,6.5
2026-08-28 08:00:00,16.7,97,0.3,100,3.9
2026-08-28 09:00:00,16.8,95,3.5,100,12.3
2026-08-28 10:00:00,16.2,94,2.3,99,7.3
2026-08-28 11:00:00,17.6,86,0.1,95,10.0
2026-08-28 12:00:00,18.7,71,0.5,100,16.5
2026-08-28 13:00:00,19.3,74,0.1,88,13.0
2026-08-28 14:00:00,19.9,72,0.1,12,10.7
2026-08-28 15:00:00,21.2,68,0.4,55,12.8
2026-08-28 16:00:00,21.6,63,0.3,89,13.4
2026-08-28 17:00:00,21.4,60,0.2,33,12.8
2026-08-28 18:00:00,21.6,59,0.0,39,11.0
2026-08-28 19:00:00,21.3,61,0.1,48,6.5
2026-08-28 20:00:00,20.2,68,0.0,15,5.1
2026-08-28 21:00:00,19.4,72,0.0,24,6.2
2026-08-28 22:00:00,18.7,72,0.0,12,9.1
2026-08-28 23:00:00,18.1,75,0.0,6,8.8
2026-08-29 00:00:00,17.7,77,0.0,2,11.4
2026-08-29 01:00:00,17.7,76,0.0,2,12.2
2026-08-29 02:00:00,17.5,79,0.0,2,12.2
2026-08-29 03:00:00,17.0,83,0.0,2,8.8
2026-08-29 04:00:00,16.4,87,0.0,0,8.6
2026-08-29 05:00:00,16.0,88,0.0,24,8.8
2026-08-29 06:00:00,16.0,88,0.0,100,10.0
2026-08-29 07:00:00,16.6,84,0.0,100,10.4
2026-08-29 08:00:00,16.4,88,0.0,64,11.9
2026-08-29 09:00:00,18.0,83,0.0,100,11.8
2026-08-29 10:00:00,18.3,83,0.0,100,10.3
2026-08-29 11:00:00,19.8,77,0.0,100,15.2
2026-08-29 12:00:00,20.8,71,0.0,64,16.1
2026-08-29 13:00:00,22.8,61,0.0,72,19.9
2026-08-29 14:00:00,20.2,84,0.0,87,15.2
2026-08-29 15:00:00,21.7,74,1.6,90,21.1
2026-08-29 16:00:00,21.2,77,1.1,87,20.1
2026-08-29 17:00:00,22.1,70,0.1,100,28.3
2026-08-29 18:00:00,22.1,72,0.1,44,20.5
2026-08-29 19:00:00,21.9,76,0.0,31,20.7
2026-08-29 20:00:00,21.1,78,0.0,18,20.1
2026-08-29 21:00:00,20.8,77,0.0,12,18.8
2026-08-29 22:00:00,20.4,79,0.0,21,18.0
2026-08-29 23:00:00,19.7,82,0.1,23,16.5
2026-08-30 00:00:00,19.6,81,0.0,63,16.6
2026-08-30 01:00:00,19.2,81,0.0,20,16.0
2026-08-30 02:00:00,18.7,84,0.0,39,15.3
2026-08-30 03:00:00,18.4,85,0.0,82,15.1
2026-08-30 04:00:00,17.9,87,0.0,97,13.3
2026-08-30 05:00:00,17.4,88,0.0,89,11.6
2026-08-30 06:00:00,17.0,90,0.0,56,10.8
2026-08-30 07:00:00,16.5,92,0.0,67,9.9
2026-08-30 08:00:00,17.0,91,0.0,100,9.7
2026-08-30 09:00:00,17.8,87,0.0,100,10.0
2026-08-30 10:00:00,19.0,77,0.0,95,12.1
2026-08-30 11:00:00,20.1,71,0.1,94,10.4
2026-08-30 12:00:00,21.0,66,0.3,99,12.1
2026-08-30 13:00:00,21.4,65,0.4,100,14.7
2026-08-30 14:00:00,23.1,55,0.2,100,15.9
2026-08-30 15:00:00,23.1,52,0.0,100,16.0
2026-08-30 16:00:00,23.2,51,0.0,100,16.7
2026-08-30 17:00:00,23.1,52,0.0,99,15.3
2026-08-30 18:00:00,22.9,55,0.0,100,11.9
2026-08-30 19:00:00,22.4,59,0.0,95,5.7
2026-08-30 20:00:00,21.9,59,0.0,25,14.1
2026-08-30 21:00:00,20.7,67,0.0,5,12.6
2026-08-30 22:00:00,19.9,72,0.0,5,12.9
2026-08-30 23:00:00,19.4,72,0.0,2,14.2
2026-08-31 00:00:00,18.8,73,0.0,7,15.8
2026-08-31 01:00:00,18.2,76,0.0,1,15.9
2026-08-31 02:00:00,18.2,76,0.0,6,17.4
2026-08-31 03:00:00,17.8,79,0.0,9,17.1
2026-08-31 04:00:00,17.4,83,0.0,4,16.3
2026-08-31 05:00:00,17.1,85,0.0,5,16.3
2026-08-31 06:00:00,16.8,86,0.0,6,16.5
2026-08-31 07:00:00,16.7,86,0.0,11,16.5
2026-08-31 08:00:00,17.0,83,0.0,13,17.0
2026-08-31 09:00:00,17.6,79,0.3,43,15.6
2026-08-31 10:00:00,18.5,74,0.1,6,18.2
2026-08-31 11:00:00,19.9,66,0.0,22,18.2
2026-08-31 12:00:00,20.9,62,0.1,41,18.5
2026-08-31 13:00:00,21.4,61,0.0,47,18.1
2026-08-31 14:00:00,21.6,58,0.0,51,19.4
2026-08-31 15:00:00,21.7,60,0.3,32,19.8
2026-08-31 16:00:00,22.4,57,0.1,29,18.7
2026-08-31 17:00:00,22.7,54,0.2,27,18.0
2026-08-31 18:00:00,22.6,52,0.0,62,15.8
2026-08-31 19:00:00,22.1,55,0.0,84,11.6
2026-08-31 20:00:00,20.6,63,0.0,84,6.8
2026-08-31 21:00:00,19.2,72,0.0,41,4.2
2026-08-31 22:00:00,18.6,75,0.0,99,4.2
2026-08-31 23:00:00,18.2,75,0.0,99,6.2
2026-09-01 00:00:00,17.4,79,0.0,100,4.5
2026-09-01 01:00:00,16.8,82,0.0,98,3.5
2026-09-01 02:00:00,16.1,85,0.0,100,4.7
2026-09-01 03:00:00,16.3,85,0.0,99,6.1
2026-09-01 04:00:00,16.1,85,0.0,100,7.4
2026-09-01 05:00:00,16.4,83,0.0,100,6.7
2026-09-01 06:00:00,16.0,84,0.0,52,5.9
2026-09-01 07:00:00,15.3,86,0.0,14,6.1
2026-09-01 08:00:00,15.1,87,0.0,1,6.1
2026-09-01 09:00:00,16.0,82,0.0,0,5.8
2026-09-01 10:00:00,17.4,74,0.0,0,5.4
2026-09-01 11:00:00,18.6,68,0.0,3,5.1
2026-09-01 12:00:00,19.7,61,0.0,17,6.3
2026-09-01 13:00:00,20.7,54,0.0,8,7.6
2026-09-01 14:00:00,22.3,51,0.0,36,6.3
2026-09-01 15:00:00,23.0,47,0.0,45,6.1
2026-09-01 16:00:00,23.3,44,0.0,88,5.4
2026-09-01 17:00:00,23.4,44,0.0,77,4.3
2026-09-01 18:00:00,23.4,44,0.0,36,5.7
2026-09-01 19:00:00,23.0,45,0.0,34,7.4
2026-09-01 20:00:00,21.5,55,0.0,19,6.0
2026-09-01 21:00:00,19.6,60,0.0,63,7.8
2026-09-01 22:00:00,18.6,63,0.0,80,10.0
2026-09-01 23:00:00,17.6,70,0.0,27,8.7
2026-09-02 00:00:00,16.4,79,0.0,95,4.2
2026-09-02 01:00:00,16.0,82,0.0,97,2.4
2026-09-02 02:00:00,15.5,86,0.0,99,1.8
2026-09-02 03:00:00,15.5,85,0.0,73,0.3
2026-09-02 04:00:00,14.6,90,0.0,95,1.8
2026-09-02 05:00:00,14.3,93,0.0,72,2.2
2026-09-02 06:00:00,14.1,94,0.0,30,3.5
2026-09-02 07:00:00,13.3,96,0.0,60,2.5
2026-09-02 08:00:00,13.6,95,0.0,55,5.1
2026-09-02 09:00:00,15.1,88,0.0,76,3.0
2026-09-02 10:00:00,17.6,77,0.0,95,1.6
2026-09-02 11:00:00,19.6,62,0.0,92,2.8
2026-09-02 12:00:00,21.1,51,0.0,96,4.6
2026-09-02 13:00:00,21.6,47,0.0,73,6.2
2026-09-02 14:00:00,23.5,42,0.0,76,7.5
2026-09-02 15:00:00,23.9,41,0.0,98,6.3
2026-09-02 16:00:00,23.8,41,0.0,85,6.3
2026-09-02 17:00:00,24.5,39,0.0,90,7.5
2026-09-02 18:00:00,24.3,39,0.0,85,8.0
2026-09-02 19:00:00,24.2,39,0.0,49,6.7
2026-09-02 20:00:00,22.7,49,0.0,32,0.4
2026-09-02 21:00:00,22.0,48,0.0,55,4.1
2026-09-02 22:00:00,21.6,50,0.0,6,5.6
2026-09-02 23:00:00,21.2,51,0.0,2,6.8
2026-09-03 00:00:00,20.9,50,0.0,9,8.3
2026-09-03 01:00:00,20.5,52,0.0,38,8.9
2026-09-03 02:00:00,20.3,56,0.0,22,8.4
2026-09-03 03:00:00,19.4,61,0.0,55,8.5
2026-09-03 04:00:00,19.0,63,0.0,26,9.2
2026-09-03 05:00:00,17.9,70,0.0,4,8.0
2026-09-03 06:00:00,17.4,75,0.0,48,6.4
2026-09-03 07:00:00,17.1,79,0.0,1,7.7
2026-09-03 08:00:00,17.2,79,0.0,59,8.3
2026-09-03 09:00:00,18.7,74,0.0,66,7.6
2026-09-03 10:00:00,20.3,70,0.0,77,9.5
2026-09-03 11:00:00,21.8,64,0.0,30,9.5
2026-09-03 12:00:00,23.9,60,0.0,88,10.3
2026-09-03 13:00:00,25.7,54,0.0,92,11.7
2026-09-03 14:00:00,25.4,55,0.0,95,12.6
2026-09-03 15:00:00,26.3,53,0.0,100,13.5
2026-09-03 16:00:00,26.8,51,0.0,67,13.2
2026-09-03 17:00:00,27.0,51,0.0,50,14.3
2026-09-03 18:00:00,26.8,52,0.0,66,14.4
2026-09-03 19:00:00,26.5,54,0.0,98,13.1
2026-09-03 20:00:00,26.1,57,0.0,20,10.1
2026-09-03 21:00:00,25.0,62,0.0,48,4.3
2026-09-03 22:00:00,24.3,66,0.0,73,3.3
2026-09-03 23:00:00,23.4,71,0.0,29,3.5
2026-09-04 00:00:00,22.7,76,0.0,1,2.1
2026-09-04 01:00:00,22.0,76,0.0,0,3.6
2026-09-04 02:00:00,21.4,78,0.0,23,5.1
2026-09-04 03:00:00,21.1,78,0.0,3,6.3
2026-09-04 04:00:00,20.8,79,0.0,41,7.3
2026-09-04 05:00:00,20.4,81,0.0,31,7.9
2026-09-04 06:00:00,19.9,84,0.0,5,8.5
2026-09-04 07:00:00,19.5,86,0.0,12,9.8
2026-09-04 08:00:00,19.6,86,0.0,12,9.3
2026-09-04 09:00:00,20.9,80,0.0,14,8.7
2026-09-04 10:00:00,22.3,73,0.0,20,8.7
2026-09-04 11:00:00,24.0,65,0.0,4,7.9
2026-09-04 12:00:00,26.1,54,0.0,0,10.9
2026-09-04 13:00:00,28.0,45,0.0,0,13.6
2026-09-04 14:00:00,28.3,45,0.0,49,16.9
2026-09-04 15:00:00,28.3,45,0.0,21,17.6
2026-09-04 16:00:00,28.7,43,0.0,42,17.3
2026-09-04 17:00:00,28.3,44,0.0,54,19.3
2026-09-04 18:00:00,26.6,49,0.0,50,17.0
2026-09-04 19:00:00,26.4,48,0.0,80,18.4
2026-09-04 20:00:00,24.6,58,0.0,57,17.8
2026-09-04 21:00:00,22.9,67,0.0,67,13.3
2026-09-04 22:00:00,22.1,71,0.0,98,13.0
2026-09-04 23:00:00,20.7,75,0.0,100,14.6
2026-09-05 00:00:00,19.4,74,0.0,100,11.6
2026-09-05 01:00:00,19.0,74,0.0,100,9.9
2026-09-05 02:00:00,18.9,74,0.0,100,10.6
2026-09-05 03:00:00,18.5,75,0.0,100,10.5
2026-09-05 04:00:00,18.0,76,0.0,100,11.1
2026-09-05 05:00:00,17.5,76,0.0,50,10.9
2026-09-05 06:00:00,16.7,79,0.0,40,8.6
2026-09-05 07:00:00,16.0,82,0.0,67,6.6
2026-09-05 08:00:00,16.0,83,0.0,64,7.6
2026-09-05 09:00:00,17.0,77,0.0,94,8.2
2026-09-05 10:00:00,18.0,70,0.0,94,10.4
2026-09-05 11:00:00,18.9,64,0.0,70,8.4
2026-09-05 12:00:00,20.1,57,0.0,85,7.3
2026-09-05 13:00:00,21.0,51,0.0,41,6.7
2026-09-05 14:00:00,22.7,43,0.0,35,5.9
2026-09-05 15:00:00,23.6,39,0.0,57,5.4
2026-09-05 16:00:00,24.2,36,0.0,79,5.7
2026-09-05 17:00:00,24.3,35,0.0,94,6.1
2026-09-05 18:00:00,24.1,35,0.0,30,7.2
2026-09-05 19:00:00,23.4,38,0.0,30,7.7
2026-09-05 20:00:00,22.7,38,0.0,2,6.7
2026-09-05 21:00:00,21.5,43,0.0,0,5.2
2026-09-05 22:00:00,20.7,47,0.0,0,5.1
2026-09-05 23:00:00,20.0,53,0.0,0,6.8
2026-09-06 00:00:00,18.9,58,0.0,5,8.6
2026-09-06 01:00:00,17.6,61,0.0,3,7.7
2026-09-06 02:00:00,16.1,70,0.0,53,6.3
2026-09-06 03:00:00,15.7,72,0.0,48,5.5
2026-09-06 04:00:00,15.3,73,0.0,17,6.1
2026-09-06 05:00:00,14.8,75,0.0,97,7.1
2026-09-06 06:00:00,14.8,75,0.0,59,5.2
2026-09-06 07:00:00,14.5,76,0.0,5,7.0
2026-09-06 08:00:00,14.9,74,0.0,2,6.9
2026-09-06 09:00:00,16.4,68,0.0,2,5.9
2026-09-06 10:00:00,18.4,58,0.0,34,6.4
2026-09-06 11:00:00,20.9,50,0.0,91,5.8
2026-09-06 12:00:00,22.7,44,0.0,90,7.9
2026-09-06 13:00:00,24.7,38,0.0,93,9.5
2026-09-06 14:00:00,26.5,33,0.0,91,7.8
2026-09-06 15:00:00,27.1,31,0.0,82,6.6
2026-09-06 16:00:00,28.1,29,0.0,58,6.8
2026-09-06 17:00:00,28.4,28,0.0,99,9.0
2026-09-06 18:00:00,27.8,30,0.0,100,9.5
2026-09-06 19:00:00,26.9,34,0.0,100,8.6
2026-09-06 20:00:00,26.0,45,0.0,100,3.2
2026-09-06 21:00:00,25.4,40,0.0,97,4.1
2026-09-06 22:00:00,24.3,44,0.0,67,4.6
2026-09-06 23:00:00,23.5,44,0.0,1,5.5
2026-09-07 00:00:00,22.5,48,0.0,4,5.2
2026-09-07 01:00:00,21.8,53,0.0,2,4.4
2026-09-07 02:00:00,20.3,61,0.0,6,3.8
2026-09-07 03:00:00,20.0,60,0.0,23,4.5
2026-09-07 04:00:00,20.1,60,0.0,37,5.1
2026-09-07 05:00:00,20.7,56,0.0,50,13.2
2026-09-07 06:00:00,21.5,59,0.0,57,10.1
2026-09-07 07:00:00,21.0,64,0.0,85,8.1
2026-09-07 08:00:00,20.0,69,0.0,98,6.9
2026-09-07 09:00:00,21.0,66,0.0,94,5.8
2026-09-07 10:00:00,22.3,63,0.0,80,8.1
2026-09-07 11:00:00,24.0,61,0.0,37,7.9
2026-09-07 12:00:00,25.6,57,0.0,2,9.1
2026-09-07 13:00:00,27.5,50,0.0,27,12.6
2026-09-07 14:00:00,27.9,48,0.0,21,13.7
2026-09-07 15:00:00,28.1,47,0.0,25,13.7
2026-09-07 16:00:00,28.0,46,0.0,15,12.4
2026-09-07 17:00:00,28.5,42,0.0,85,12.6
2026-09-07 18:00:00,28.3,43,0.0,85,13.9
2026-09-07 19:00:00,27.2,49,0.0,85,12.3
2026-09-07 20:00:00,26.1,54,0.0,98,10.9
2026-09-07 21:00:00,25.7,57,0.0,99,10.7
2026-09-07 22:00:00,24.6,62,0.0,84,8.4
2026-09-07 23:00:00,23.9,66,0.0,46,9.9
2026-09-08 00:00:00,22.0,77,0.6,83,9.8
2026-09-08 01:00:00,21.8,79,0.0,75,8.0
2026-09-08 02:00:00,21.2,82,0.0,100,8.8
2026-09-08 03:00:00,21.4,80,0.0,93,8.4
2026-09-08 04:00:00,21.1,82,0.0,62,9.4
2026-09-08 05:00:00,20.2,86,0.0,67,10.0
2026-09-08 06:00:00,19.2,90,0.0,66,10.0
2026-09-08 07:00:00,18.6,90,0.0,100,10.6
2026-09-08 08:00:00,18.7,87,0.0,100,10.7
2026-09-08 09:00:00,19.0,81,0.0,94,10.4
2026-09-08 10:00:00,20.2,72,0.1,44,11.6
2026-09-08 11:00:00,21.8,62,0.0,27,15.7
2026-09-08 12:00:00,23.3,53,0.0,75,20.3
2026-09-08 13:00:00,24.4,47,0.0,100,23.9
2026-09-08 14:00:00,26.0,41,0.0,91,21.7
2026-09-08 15:00:00,26.4,39,0.0,100,25.7
2026-09-08 16:00:00,25.5,44,0.0,100,30.3
2026-09-08 17:00:00,23.3,55,0.1,100,21.2
2026-09-08 18:00:00,21.6,64,0.6,84,25.2
2026-09-08 19:00:00,20.5,58,0.0,16,25.2
2026-09-08 20:00:00,18.3,66,0.0,18,18.2
2026-09-08 21:00:00,17.4,69,0.0,2,16.0
2026-09-08 22:00:00,16.4,74,0.0,5,16.2
2026-09-08 23:00:00,15.6,78,0.0,2,13.0
2026-09-09 00:00:00,15.1,79,0.0,2,11.8
2026-09-09 01:00:00,14.8,80,0.0,3,10.1
2026-09-09 02:00:00,14.6,79,0.0,4,10.4
2026-09-09 03:00:00,14.0,81,0.0,7,10.2
2026-09-09 04:00:00,13.6,82,0.0,4,10.2
2026-09-09 05:00:00,13.3,84,0.0,5,9.3
2026-09-09 06:00:00,13.0,85,0.0,14,9.2
2026-09-09 07:00:00,12.8,86,0.0,11,9.0
2026-09-09 08:00:00,13.1,85,0.0,21,9.5
2026-09-09 09:00:00,14.3,80,0.0,9,8.4
2026-09-09 10:00:00,16.0,71,0.0,15,10.6
2026-09-09 11:00:00,17.3,62,0.1,43,13.4
2026-09-09 12:00:00,18.4,58,0.1,32,12.0
2026-09-09 13:00:00,19.3,52,0.1,47,13.0
2026-09-09 14:00:00,20.0,50,0.2,30,12.4
2026-09-09 15:00:00,20.6,46,0.0,41,12.8
2026-09-09 16:00:00,21.0,44,0.0,60,13.3
2026-09-09 17:00:00,20.8,44,0.0,35,14.2
2026-09-09 18:00:00,20.4,45,0.0,25,13.6
2026-09-09 19:00:00,19.6,47,0.0,20,12.9
2026-09-09 20:00:00,18.5,50,0.0,6,10.8
2026-09-09 21:00:00,17.2,56,0.0,6,8.7
2026-09-09 22:00:00,16.2,61,0.0,1,7.3
2026-09-09 23:00:00,15.2,66,0.0,0,5.7
2026-09-10 00:00:00,14.4,70,0.0,0,4.5
2026-09-10 01:00:00,13.7,76,0.0,1,2.7
2026-09-10 02:00:00,12.2,85,0.0,12,4.0
2026-09-10 03:00:00,11.8,87,0.0,20,4.3
2026-09-10 04:00:00,11.4,90,0.0,3,2.8
2026-09-10 05:00:00,11.1,92,0.0,6,2.5
2026-09-10 06:00:00,10.8,95,0.0,8,1.9
2026-09-10 07:00:00,10.6,96,0.0,12,1.3
2026-09-10 08:00:00,10.4,96,0.0,3,1.9
2026-09-10 09:00:00,12.0,89,0.0,6,2.0
2026-09-10 10:00:00,14.5,76,0.0,2,0.4
2026-09-10 11:00:00,16.6,60,0.0,23,1.5
2026-09-10 12:00:00,18.1,50,0.0,95,3.5
2026-09-10 13:00:00,18.7,48,0.0,100,6.7
2026-09-10 14:00:00,19.8,43,0.0,99,7.2
2026-09-10 15:00:00,20.6,41,0.0,100,9.2
2026-09-10 16:00:00,20.1,43,0.0,46,7.2
2026-09-10 17:00:00,21.0,39,0.0,97,6.0
2026-09-10 18:00:00,20.8,40,0.0,48,5.7
2026-09-10 19:00:00,20.5,40,0.0,95,5.4
2026-09-10 20:00:00,19.1,50,0.0,95,3.7
2026-09-10 21:00:00,18.1,54,0.0,88,3.3
2026-09-10 22:00:00,17.4,59,0.0,97,1.1
2026-09-10 23:00:00,16.2,65,0.0,100,1.1
2026-09-11 00:00:00,15.5,71,0.0,99,3.2
2026-09-11 01:00:00,15.2,74,0.0,99,0.3
2026-09-11 02:00:00,14.2,78,0.0,98,1.6
2026-09-11 03:00:00,14.5,75,0.0,95,3.5
2026-09-11 04:00:00,14.2,77,0.0,98,3.2
2026-09-11 05:00:00,14.3,76,0.0,59,4.0
2026-09-11 06:00:00,13.6,78,0.0,14,4.3
2026-09-11 07:00:00,13.0,79,0.0,8,4.6
2026-09-11 08:00:00,13.6,73,0.0,1,5.5
2026-09-11 09:00:00,15.5,66,0.0,5,5.7
2026-09-11 10:00:00,18.0,56,0.0,0,3.7
2026-09-11 11:00:00,20.4,47,0.0,2,5.5
2026-09-11 12:00:00,21.6,44,0.0,2,7.2
2026-09-11 13:00:00,22.9,40,0.0,63,7.4
2026-09-11 14:00:00,23.5,41,0.0,98,7.2
2026-09-11 15:00:00,24.1,40,0.0,100,7.3
2026-09-11 16:00:00,23.6,41,0.0,100,8.1
2026-09-11 17:00:00,23.6,42,0.0,39,8.6
2026-09-11 18:00:00,23.9,41,0.0,61,7.0
2026-09-11 19:00:00,23.6,41,0.0,96,6.2
2026-09-11 20:00:00,22.0,53,0.0,13,3.4
2026-09-11 21:00:00,20.4,63,0.0,5,13.4
2026-09-11 22:00:00,18.8,74,0.0,5,5.9
2026-09-11 23:00:00,18.0,78,0.0,4,5.8
2026-09-12 00:00:00,17.1,84,0.0,6,4.8
2026-09-12 01:00:00,16.4,88,0.0,10,2.7
2026-09-12 02:00:00,15.8,91,0.0,29,3.4
2026-09-12 03:00:00,15.4,92,0.0,9,2.3
2026-09-12 04:00:00,14.7,95,0.0,22,2.4
2026-09-12 05:00:00,14.3,96,0.0,97,2.4
2026-09-12 06:00:00,14.3,97,0.0,100,2.9
2026-09-12 07:00:00,14.7,96,0.0,100,2.7
2026-09-12 08:00:00,14.5,96,0.0,77,1.5
2026-09-12 09:00:00,15.7,90,0.0,0,0.9
2026-09-12 10:00:00,18.0,78,0.0,16,0.9
2026-09-12 11:00:00,20.1,63,0.0,24,2.6
2026-09-12 12:00:00,21.8,56,0.0,30,3.8
2026-09-12 13:00:00,23.2,49,0.0,25,7.0
2026-09-12 14:00:00,24.2,44,0.0,20,8.8
2026-09-12 15:00:00,24.7,42,0.0,6,7.1
2026-09-12 16:00:00,25.2,40,0.0,11,6.9
2026-09-12 17:00:00,25.3,38,0.0,12,7.5
2026-09-12 18:00:00,25.0,39,0.0,16,7.3
2026-09-12 19:00:00,24.4,41,0.0,13,6.8
2026-09-12 20:00:00,23.4,41,0.0,4,7.1
2026-09-12 21:00:00,22.3,43,0.0,1,6.1
2026-09-12 22:00:00,21.2,47,0.0,1,5.4
2026-09-12 23:00:00,20.0,56,0.0,3,6.9
2026-09-13 00:00:00,18.7,65,0.0,30,4.5
2026-09-13 01:00:00,17.9,70,0.0,2,5.1
2026-09-13 02:00:00,17.1,74,0.0,17,5.3
2026-09-13 03:00:00,16.7,78,0.0,53,5.0
2026-09-13 04:00:00,16.3,81,0.0,34,4.3
2026-09-13 05:00:00,16.1,83,0.0,73,4.5
2026-09-13 06:00:00,15.9,85,0.0,84,6.1
2026-09-13 07:00:00,15.5,85,0.0,97,6.5
2026-09-13 08:00:00,16.7,78,0.0,100,6.7
2026-09-13 09:00:00,17.5,72,0.0,100,7.1
2026-09-13 10:00:00,18.6,67,0.0,100,5.9
2026-09-13 11:00:00,19.8,64,0.0,98,7.1
2026-09-13 12:00:00,20.8,62,0.1,84,8.1
2026-09-13 13:00:00,22.2,59,0.5,45,9.1
2026-09-13 14:00:00,24.3,47,0.0,95,8.4
2026-09-13 15:00:00,25.0,45,0.0,54,7.0
2026-09-13 16:00:00,26.4,41,0.0,58,7.0
2026-09-13 17:00:00,23.9,59,2.2,51,8.0
2026-09-13 18:00:00,23.8,58,0.1,25,8.8
2026-09-13 19:00:00,23.4,60,0.0,24,7.2
2026-09-13 20:00:00,23.1,63,0.0,58,6.4
2026-09-13 21:00:00,22.5,69,0.0,27,4.0
2026-09-13 22:00:00,21.6,73,0.0,32,6.9
2026-09-13 23:00:00,20.8,79,0.0,63,5.0
2026-09-14 00:00:00,19.9,85,0.0,84,2.6
2026-09-14 01:00:00,19.4,88,0.0,95,1.6
2026-09-14 02:00:00,19.0,86,0.0,88,3.6
2026-09-14 03:00:00,18.6,87,0.0,59,4.1
2026-09-14 04:00:00,17.8,91,0.0,18,2.5
2026-09-14 05:00:00,17.3,93,0.0,4,2.7
2026-09-14 06:00:00,16.8,96,0.0,12,2.6
2026-09-14 07:00:00,16.4,97,0.0,18,2.7
2026-09-14 08:00:00,16.3,100,0.0,49,4.5
2026-09-14 09:00:00,17.3,95,0.0,100,2.8
2026-09-14 10:00:00,19.1,86,0.0,79,2.1
2026-09-14 11:00:00,21.0,76,0.0,34,2.5
2026-09-14 12:00:00,23.3,61,0.0,19,2.3
2026-09-14 13:00:00,25.1,50,0.0,3,1.5
2026-09-14 14:00:00,26.9,43,0.0,14,3.3
2026-09-14 15:00:00,27.8,41,0.0,2,4.1
2026-09-14 16:00:00,28.2,40,0.0,9,3.7
2026-09-14 17:00:00,28.3,40,0.0,2,4.1
2026-09-14 18:00:00,28.1,41,0.0,1,5.2
2026-09-14 19:00:00,27.6,43,0.0,0,4.1
2026-09-14 20:00:00,26.7,46,0.0,6,2.8
2026-09-14 21:00:00,25.7,50,0.0,3,5.2
2026-09-14 22:00:00,24.7,56,0.0,0,6.6
2026-09-14 23:00:00,23.9,59,0.0,0,6.0
2026-09-15 00:00:00,23.1,62,0.0,0,6.3
2026-09-15 01:00:00,22.4,65,0.0,0,6.1
2026-09-15 02:00:00,20.7,71,0.0,0,4.6
2026-09-15 03:00:00,20.1,73,0.0,0,5.4
2026-09-15 04:00:00,19.8,75,0.0,0,6.2
2026-09-15 05:00:00,19.3,77,0.0,0,6.2
2026-09-15 06:00:00,18.8,79,0.0,0,7.3
2026-09-15 07:00:00,18.4,80,0.0,1,7.5
2026-09-15 08:00:00,18.0,79,0.0,20,6.1
2026-09-15 09:00:00,19.4,71,0.0,87,5.8
2026-09-15 10:00:00,21.8,60,0.0,98,3.8
2026-09-15 11:00:00,24.7,49,0.0,84,4.0
2026-09-15 12:00:00,27.8,40,0.0,95,4.7
2026-09-15 13:00:00,30.0,32,0.0,10,9.6
2026-09-15 14:00:00,31.5,27,0.0,0,12.0
2026-09-15 15:00:00,32.1,25,0.0,0,12.0
2026-09-15 16:00:00,32.4,23,0.0,0,12.3
2026-09-15 17:00:00,32.2,22,0.0,0,14.4
2026-09-15 18:00:00,29.8,33,0.0,1,18.4
2026-09-15 19:00:00,25.0,48,0.0,17,19.1
2026-09-15 20:00:00,22.8,57,0.0,59,16.9
2026-09-15 21:00:00,21.6,64,0.0,63,15.6
2026-09-15 22:00:00,20.4,66,0.0,91,15.9
2026-09-15 23:00:00,18.9,69,0.0,88,15.4
2026-09-16 00:00:00,18.0,73,0.0,86,13.0
2026-09-16 01:00:00,17.5,72,0.0,13,13.2
2026-09-16 02:00:00,16.6,75,0.0,11,11.9
2026-09-16 03:00:00,16.1,76,0.0,5,11.1
2026-09-16 04:00:00,15.6,75,0.0,1,11.6
2026-09-16 05:00:00,15.2,76,0.0,1,11.3
2026-09-16 06:00:00,14.9,78,0.0,6,11.2
2026-09-16 07:00:00,14.3,81,0.0,6,10.7
2026-09-16 08:00:00,14.0,84,0.0,16,10.2
2026-09-16 09:00:00,15.1,79,0.0,15,8.8
2026-09-16 10:00:00,16.6,71,0.0,17,11.1
2026-09-16 11:00:00,17.9,62,0.0,25,11.4
2026-09-16 12:00:00,19.2,53,0.1,24,11.5
2026-09-16 13:00:00,20.3,49,0.2,34,13.0
2026-09-16 14:00:00,21.0,49,0.0,30,11.4
2026-09-16 15:00:00,21.5,45,0.0,24,11.1
2026-09-16 16:00:00,21.8,43,0.0,13,11.5
2026-09-16 17:00:00,21.7,42,0.0,22,12.4
2026-09-16 18:00:00,21.2,43,0.0,34,13.0
2026-09-16 19:00:00,20.7,45,0.0,24,12.4
2026-09-16 20:00:00,19.7,48,0.0,6,11.3
2026-09-16 21:00:00,18.8,52,0.0,5,9.9
2026-09-16 22:00:00,17.7,57,0.0,1,8.8
2026-09-16 23:00:00,16.7,62,0.0,4,8.8
2026-09-17 00:00:00,15.8,68,0.0,52,6.5
2026-09-17 01:00:00,15.1,73,0.0,80,3.8
2026-09-17 02:00:00,14.3,76,0.0,97,4.6
2026-09-17 03:00:00,13.9,78,0.0,100,5.7
2026-09-17 04:00:00,13.6,80,0.0,100,6.2
2026-09-17 05:00:00,13.5,81,0.0,100,7.1
2026-09-17 06:00:00,13.2,83,0.0,98,7.7
2026-09-17 07:00:00,12.9,84,0.0,96,8.0
2026-09-17 08:00:00,12.9,84,0.0,83,8.9
2026-09-17 09:00:00,14.1,78,0.0,84,8.1
2026-09-17 10:00:00,15.6,71,0.0,69,10.4
2026-09-17 11:00:00,17.2,61,0.0,30,11.9
2026-09-17 12:00:00,18.8,52,0.0,41,12.6
2026-09-17 13:00:00,20.1,45,0.0,95,16.4
2026-09-17 14:00:00,21.1,39,0.0,63,16.7
2026-09-17 15:00:00,21.8,37,0.0,88,17.4
2026-09-17 16:00:00,22.1,37,0.0,97,17.1
2026-09-17 17:00:00,22.2,38,0.0,100,16.1
2026-09-17 18:00:00,21.4,42,0.0,99,16.0
2026-09-17 19:00:00,20.7,46,0.0,100,14.3
2026-09-17 20:00:00,19.7,54,0.0,100,14.9
2026-09-17 21:00:00,19.3,56,0.0,100,13.1
2026-09-17 22:00:00,19.0,58,0.0,100,13.4
2026-09-17 23:00:00,18.1,67,0.0,99,14.3
2026-09-18 00:00:00,17.3,72,0.0,100,11.7
2026-09-18 01:00:00,16.6,74,0.0,45,11.9
2026-09-18 02:00:00,15.8,76,0.0,84,9.9
2026-09-18 03:00:00,14.7,81,0.0,5,8.8
2026-09-18 04:00:00,13.8,85,0.0,5,9.2
2026-09-18 05:00:00,13.1,87,0.0,1,8.6
2026-09-18 06:00:00,12.5,88,0.0,2,8.1
2026-09-18 07:00:00,12.2,89,0.0,11,8.7
2026-09-18 08:00:00,12.3,88,0.0,8,8.1
2026-09-18 09:00:00,13.4,83,0.0,6,6.4
2026-09-18 10:00:00,15.4,74,0.0,16,7.0
2026-09-18 11:00:00,17.3,65,0.0,82,8.1
2026-09-18 12:00:00,18.7,57,0.0,98,9.6
2026-09-18 13:00:00,19.7,50,0.0,89,9.3
2026-09-18 14:00:00,20.6,45,0.0,99,9.2
2026-09-18 15:00:00,21.5,41,0.0,100,9.4
2026-09-18 16:00:00,21.6,40,0.0,55,9.2
2026-09-18 17:00:00,22.4,36,0.0,88,10.1
2026-09-18 18:00:00,21.7,37,0.0,62,11.6
2026-09-18 19:00:00,20.9,39,0.0,88,10.3
2026-09-18 20:00:00,19.6,44,0.0,80,6.2
2026-09-18 21:00:00,18.8,49,0.0,81,4.0
2026-09-18 22:00:00,18.4,49,0.0,78,7.4
2026-09-18 23:00:00,17.9,53,0.0,96,10.0
2026-09-19 00:00:00,17.0,60,0.0,52,4.4
2026-09-19 01:00:00,16.5,64,0.0,10,5.1
2026-09-19 02:00:00,16.3,67,0.0,78,7.0
2026-09-19 03:00:00,16.1,68,0.0,2,6.7
2026-09-19 04:00:00,15.2,70,0.0,0,8.2
2026-09-19 05:00:00,14.9,69,0.0,8,9.3
2026-09-19 06:00:00,14.1,71,0.0,33,8.4
2026-09-19 07:00:00,13.6,73,0.0,60,7.3
2026-09-19 08:00:00,13.2,76,0.0,2,7.7
2026-09-19 09:00:00,14.3,73,0.0,14,6.4
2026-09-19 10:00:00,16.3,67,0.0,77,7.1
2026-09-19 11:00:00,18.6,57,0.0,88,9.2
2026-09-19 12:00:00,20.1,50,0.0,86,11.4
2026-09-19 13:00:00,21.3,45,0.0,65,10.7
2026-09-19 14:00:00,23.0,40,0.0,74,9.5
2026-09-19 15:00:00,23.9,37,0.0,90,10.3
2026-09-19 16:00:00,24.3,36,0.0,68,11.1
2026-09-19 17:00:00,24.6,36,0.0,80,11.7
2026-09-19 18:00:00,24.2,37,0.0,84,11.9
2026-09-19 19:00:00,23.3,42,0.0,74,11.4
2026-09-19 20:00:00,22.5,42,0.0,90,7.0
2026-09-19 21:00:00,21.6,46,0.0,98,6.6
2026-09-19 22:00:00,21.1,49,0.0,97,8.0
2026-09-19 23:00:00,20.3,52,0.0,96,7.9
2026-09-20 00:00:00,19.6,55,0.0,95,6.3
2026-09-20 01:00:00,18.6,58,0.0,19,5.4
2026-09-20 02:00:00,16.8,67,0.0,40,6.2
2026-09-20 03:00:00,16.1,72,0.0,9,5.8
2026-09-20 04:00:00,15.5,77,0.0,34,4.5
2026-09-20 05:00:00,15.2,82,0.0,29,5.3
2026-09-20 06:00:00,15.0,87,0.0,41,6.2
2026-09-20 07:00:00,14.8,89,0.0,91,6.8
2026-09-20 08:00:00,14.4,91,0.0,98,7.2
2026-09-20 09:00:00,15.6,85,0.0,91,6.4
2026-09-20 10:00:00,17.3,77,0.0,91,7.5
2026-09-20 11:00:00,19.1,70,0.0,93,7.4
2026-09-20 12:00:00,20.5,63,0.0,88,8.8
2026-09-20 13:00:00,22.8,55,0.0,98,11.2
2026-09-20 14:00:00,21.6,64,0.0,100,11.7
2026-09-20 15:00:00,22.1,63,0.0,100,12.3
2026-09-20 16:00:00,22.3,64,0.2,87,13.1
2026-09-20 17:00:00,22.8,63,0.0,100,12.2
2026-09-20 18:00:00,22.3,66,0.2,97,12.1
2026-09-20 19:00:00,21.8,66,0.0,95,10.4
2026-09-20 20:00:00,20.9,64,0.0,98,9.8
2026-09-20 21:00:00,20.7,63,0.0,63,9.0
2026-09-20 22:00:00,18.9,64,0.0,44,11.7
2026-09-20 23:00:00,17.2,68,0.0,43,8.5
2026-09-21 00:00:00,16.2,73,0.0,24,6.4
2026-09-21 01:00:00,15.3,78,0.0,7,5.2
2026-09-21 02:00:00,14.3,83,0.0,30,5.9
2026-09-21 03:00:00,13.7,86,0.0,69,4.7
2026-09-21 04:00:00,13.0,89,0.0,28,6.4
2026-09-21 05:00:00,12.6,90,0.0,80,4.4
2026-09-21 06:00:00,12.3,89,0.0,88,3.0
2026-09-21 07:00:00,12.1,88,0.0,90,3.3
2026-09-21 08:00:00,11.9,90,0.0,95,3.7
2026-09-21 09:00:00,13.2,81,0.0,87,2.9
2026-09-21 10:00:00,15.4,68,0.0,59,1.6
2026-09-21 11:00:00,17.8,56,0.0,98,2.2
2026-09-21 12:00:00,19.1,49,0.0,100,4.0
2026-09-21 13:00:00,20.2,44,0.0,97,6.3
2026-09-21 14:00:00,21.4,42,0.0,96,8.0
2026-09-21 15:00:00,21.9,39,0.0,94,7.8
2026-09-21 16:00:00,22.2,37,0.0,73,8.0
2026-09-21 17:00:00,22.2,37,0.0,14,8.9
2026-09-21 18:00:00,21.8,38,0.0,27,9.1
2026-09-21 19:00:00,21.1,40,0.0,0,9.3
2026-09-21 20:00:00,20.1,40,0.0,0,7.4
2026-09-21 21:00:00,19.2,44,0.0,0,5.6
2026-09-21 22:00:00,18.4,48,0.0,0,6.3
2026-09-21 23:00:00,17.5,51,0.0,0,5.0
2026-09-22 00:00:00,16.6,55,0.0,0,3.6
2026-09-22 01:00:00,15.9,59,0.0,0,3.1
2026-09-22 02:00:00,14.3,69,0.0,0,2.8
2026-09-22 03:00:00,13.5,71,0.0,0,3.9
2026-09-22 04:00:00,12.8,75,0.0,0,3.5
2026-09-22 05:00:00,12.2,77,0.0,0,4.1
2026-09-22 06:00:00,11.8,78,0.0,0,4.6
2026-09-22 07:00:00,11.5,79,0.0,0,4.3
2026-09-22 08:00:00,11.3,80,0.0,0,4.3
2026-09-22 09:00:00,12.7,73,0.0,0,4.4
2026-09-22 10:00:00,14.9,63,0.0,0,2.9
2026-09-22 11:00:00,17.5,53,0.0,0,3.6
2026-09-22 12:00:00,19.5,46,0.0,0,5.4
2026-09-22 13:00:00,20.8,42,0.0,0,5.6
2026-09-22 14:00:00,22.6,35,0.0,0,5.7
2026-09-22 15:00:00,23.5,32,0.0,0,7.2
2026-09-22 16:00:00,23.9,32,0.0,0,9.0
2026-09-22 17:00:00,23.8,34,0.0,0,10.0
2026-09-22 18:00:00,23.4,34,0.0,0,10.5
2026-09-22 19:00:00,22.6,36,0.0,0,10.9
2026-09-22 20:00:00,21.6,39,0.0,0,9.3
2026-09-22 21:00:00,20.5,43,0.0,0,8.3
2026-09-22 22:00:00,19.5,48,0.0,0,8.3
2026-09-22 23:00:00,18.6,53,0.0,0,8.9
2026-09-23 00:00:00,17.6,60,0.0,0,7.4
2026-09-23 01:00:00,16.8,65,0.0,0,7.2
2026-09-23 02:00:00,15.5,70,0.0,0,7.0
2026-09-23 03:00:00,14.8,72,0.0,0,4.9
2026-09-23 04:00:00,14.1,74,0.0,0,3.6
2026-09-23 05:00:00,13.5,77,0.0,0,3.3
2026-09-23 06:00:00,13.0,78,0.0,0,3.4
2026-09-23 07:00:00,12.6,80,0.0,0,2.7
2026-09-23 08:00:00,12.0,85,0.0,0,2.4
2026-09-23 09:00:00,13.4,77,0.0,0,2.2
2026-09-23 10:00:00,15.8,64,0.0,7,0.5
2026-09-23 11:00:00,18.4,53,0.0,23,1.4
2026-09-23 12:00:00,21.0,43,0.0,35,1.5
2026-09-23 13:00:00,23.1,35,0.0,34,1.3
2026-09-23 14:00:00,24.7,33,0.0,100,2.8
2026-09-23 15:00:00,25.5,33,0.0,0,3.4
2026-09-23 16:00:00,26.2,32,0.0,0,3.6
2026-09-23 17:00:00,26.2,34,0.0,2,8.7
2026-09-23 18:00:00,25.8,35,0.0,78,8.9
2026-09-23 19:00:00,24.8,38,0.0,61,6.8
2026-09-23 20:00:00,23.5,40,0.0,0,6.9
2026-09-23 21:00:00,22.4,44,0.0,2,9.7
2026-09-23 22:00:00,20.9,50,0.0,80,9.1
2026-09-23 23:00:00,19.4,58,0.0,64,6.7
2026-09-24 00:00:00,18.2,67,0.0,20,5.7
2026-09-24 01:00:00,17.2,74,0.0,81,5.2
2026-09-24 02:00:00,15.7,80,0.0,37,6.2
2026-09-24 03:00:00,14.8,87,0.0,95,4.6
2026-09-24 04:00:00,14.2,91,0.0,98,3.5
2026-09-24 05:00:00,13.8,93,0.0,98,3.8
2026-09-24 06:00:00,13.4,95,0.0,100,3.9
2026-09-24 07:00:00,13.2,95,0.0,100,3.1
2026-09-24 08:00:00,12.5,98,0.0,100,3.8
2026-09-24 09:00:00,13.6,92,0.0,100,2.3
2026-09-24 10:00:00,15.3,84,0.0,100,1.8
2026-09-24 11:00:00,16.6,79,0.0,99,2.2
2026-09-24 12:00:00,18.3,72,0.0,99,2.3
2026-09-24 13:00:00,20.3,64,0.0,100,1.6
2026-09-24 14:00:00,22.0,56,0.0,100,2.5
2026-09-24 15:00:00,22.4,52,0.0,93,1.5
2026-09-24 16:00:00,23.4,49,0.0,98,3.2
2026-09-24 17:00:00,23.4,48,0.0,100,4.2
2026-09-24 18:00:00,22.8,48,0.0,99,4.3
2026-09-24 19:00:00,22.2,50,0.0,99,5.0
2026-09-24 20:00:00,20.8,56,0.0,99,4.1
2026-09-24 21:00:00,20.3,57,0.0,90,4.1
2026-09-24 22:00:00,19.2,60,0.0,77,4.0
2026-09-24 23:00:00,18.4,63,0.0,88,4.4
